{
    "name": "root",
    "gauges": {
        "MyBehavior.Policy.Entropy.mean": {
            "value": 1.4189382791519165,
            "min": 1.4189382791519165,
            "max": 1.4189382791519165,
            "count": 2
        },
        "MyBehavior.Policy.Entropy.sum": {
            "value": 28209.912109375,
            "min": 28209.912109375,
            "max": 28797.3515625,
            "count": 2
        },
        "MyBehavior.Environment.EpisodeLength.mean": {
            "value": 41.64957264957265,
            "min": 39.40524193548387,
            "max": 41.64957264957265,
            "count": 2
        },
        "MyBehavior.Environment.EpisodeLength.sum": {
            "value": 19492.0,
            "min": 19492.0,
            "max": 19545.0,
            "count": 2
        },
        "MyBehavior.Step.mean": {
            "value": 39970.0,
            "min": 19978.0,
            "max": 39970.0,
            "count": 2
        },
        "MyBehavior.Step.sum": {
            "value": 39970.0,
            "min": 19978.0,
            "max": 39970.0,
            "count": 2
        },
        "MyBehavior.Policy.ExtrinsicValueEstimate.mean": {
            "value": 0.09079528599977493,
            "min": 0.07779639959335327,
            "max": 0.09079528599977493,
            "count": 2
        },
        "MyBehavior.Policy.ExtrinsicValueEstimate.sum": {
            "value": 42.49219512939453,
            "min": 38.50921630859375,
            "max": 42.49219512939453,
            "count": 2
        },
        "MyBehavior.Environment.CumulativeReward.mean": {
            "value": -3.0113473231466408,
            "min": -3.0113473231466408,
            "max": -2.89876299891809,
            "count": 2
        },
        "MyBehavior.Environment.CumulativeReward.sum": {
            "value": -1409.3105472326279,
            "min": -1434.8876844644547,
            "max": -1409.3105472326279,
            "count": 2
        },
        "MyBehavior.Policy.ExtrinsicReward.mean": {
            "value": -3.0113473231466408,
            "min": -3.0113473231466408,
            "max": -2.89876299891809,
            "count": 2
        },
        "MyBehavior.Policy.ExtrinsicReward.sum": {
            "value": -1409.3105472326279,
            "min": -1434.8876844644547,
            "max": -1409.3105472326279,
            "count": 2
        },
        "MyBehavior.IsTraining.mean": {
            "value": 1.0,
            "min": 1.0,
            "max": 1.0,
            "count": 2
        },
        "MyBehavior.IsTraining.sum": {
            "value": 1.0,
            "min": 1.0,
            "max": 1.0,
            "count": 2
        }
    },
    "metadata": {
        "timer_format_version": "0.1.0",
        "start_time_seconds": "1714572455",
        "python_version": "3.7.16 (default, Jan 17 2023, 16:06:28) [MSC v.1916 64 bit (AMD64)]",
        "command_line_arguments": "D:\\Anaconda\\envs\\unity\\Scripts\\mlagents-learn TreasureSearch.yaml --run-id=Run 46",
        "mlagents_version": "0.28.0",
        "mlagents_envs_version": "0.28.0",
        "communication_protocol_version": "1.5.0",
        "pytorch_version": "1.7.1+cu110",
        "numpy_version": "1.21.6",
        "end_time_seconds": "1714572620"
    },
    "total": 165.0929607,
    "count": 1,
    "self": 0.012978099999997994,
    "children": {
        "run_training.setup": {
            "total": 0.13417179999999984,
            "count": 1,
            "self": 0.13417179999999984
        },
        "TrainerController.start_learning": {
            "total": 164.9458108,
            "count": 1,
            "self": 0.25050919999981147,
            "children": {
                "TrainerController._reset_env": {
                    "total": 11.3389535,
                    "count": 1,
                    "self": 11.3389535
                },
                "TrainerController.advance": {
                    "total": 153.22505760000018,
                    "count": 6428,
                    "self": 0.12990020000012237,
                    "children": {
                        "env_step": {
                            "total": 153.09515740000006,
                            "count": 6428,
                            "self": 141.40385339999955,
                            "children": {
                                "SubprocessEnvManager._take_step": {
                                    "total": 11.560747399999736,
                                    "count": 6428,
                                    "self": 0.5196622000001039,
                                    "children": {
                                        "TorchPolicy.evaluate": {
                                            "total": 11.041085199999632,
                                            "count": 5577,
                                            "self": 1.331468199999815,
                                            "children": {
                                                "TorchPolicy.sample_actions": {
                                                    "total": 9.709616999999817,
                                                    "count": 5577,
                                                    "self": 9.709616999999817
                                                }
                                            }
                                        }
                                    }
                                },
                                "workers": {
                                    "total": 0.1305566000007694,
                                    "count": 6427,
                                    "self": 0.0,
                                    "children": {
                                        "worker_root": {
                                            "total": 136.36363990000007,
                                            "count": 6427,
                                            "is_parallel": true,
                                            "self": 24.15355950000007,
                                            "children": {
                                                "steps_from_proto": {
                                                    "total": 0.0013620000000003074,
                                                    "count": 1,
                                                    "is_parallel": true,
                                                    "self": 0.00032339999999919655,
                                                    "children": {
                                                        "_process_rank_one_or_two_observation": {
                                                            "total": 0.0010386000000011109,
                                                            "count": 4,
                                                            "is_parallel": true,
                                                            "self": 0.0010386000000011109
                                                        }
                                                    }
                                                },
                                                "UnityEnvironment.step": {
                                                    "total": 112.2087184,
                                                    "count": 6427,
                                                    "is_parallel": true,
                                                    "self": 1.599150199999741,
                                                    "children": {
                                                        "UnityEnvironment._generate_step_input": {
                                                            "total": 1.666313899999471,
                                                            "count": 6427,
                                                            "is_parallel": true,