{
    "name": "root",
    "gauges": {
        "MyBehavior.Policy.Entropy.mean": {
            "value": 1.413243293762207,
            "min": 1.413243293762207,
            "max": 1.4257093667984009,
            "count": 10
        },
        "MyBehavior.Policy.Entropy.sum": {
            "value": 13558.65625,
            "min": 13558.65625,
            "max": 14721.3203125,
            "count": 10
        },
        "MyBehavior.Environment.EpisodeLength.mean": {
            "value": 76.5625,
            "min": 32.82432432432432,
            "max": 76.5625,
            "count": 10
        },
        "MyBehavior.Environment.EpisodeLength.sum": {
            "value": 9800.0,
            "min": 9716.0,
            "max": 9934.0,
            "count": 10
        },
        "MyBehavior.Step.mean": {
            "value": 99867.0,
            "min": 9979.0,
            "max": 99867.0,
            "count": 10
        },
        "MyBehavior.Step.sum": {
            "value": 99867.0,
            "min": 9979.0,
            "max": 99867.0,
            "count": 10
        },
        "MyBehavior.Policy.ExtrinsicValueEstimate.mean": {
            "value": -0.5765286087989807,
            "min": -0.6099697351455688,
            "max": 0.12533652782440186,
            "count": 10
        },
        "MyBehavior.Policy.ExtrinsicValueEstimate.sum": {
            "value": -73.79566192626953,
            "min": -151.97634887695312,
            "max": 35.0942268371582,
            "count": 10
        },
        "MyBehavior.Environment.CumulativeReward.mean": {
            "value": -4.743750033900142,
            "min": -4.761307706282689,
            "max": -2.6550334251967054,
            "count": 10
        },
        "MyBehavior.Environment.CumulativeReward.sum": {
            "value": -607.2000043392181,
            "min": -791.1999607086182,
            "max": -607.2000043392181,
            "count": 10
        },
        "MyBehavior.Policy.ExtrinsicReward.mean": {
            "value": -4.743750033900142,
            "min": -4.761307706282689,
            "max": -2.6550334251967054,
            "count": 10
        },
        "MyBehavior.Policy.ExtrinsicReward.sum": {
            "value": -607.2000043392181,
            "min": -791.1999607086182,
            "max": -607.2000043392181,
            "count": 10
        },
        "MyBehavior.IsTraining.mean": {
            "value": 1.0,
            "min": 1.0,
            "max": 1.0,
            "count": 10
        },
        "MyBehavior.IsTraining.sum": {
            "value": 1.0,
            "min": 1.0,
            "max": 1.0,
            "count": 10
        },
        "MyBehavior.Losses.PolicyLoss.mean": {
            "value": 0.023242154783845222,
            "min": 0.019901874130246817,
            "max": 0.02988618931353644,
            "count": 9
        },
        "MyBehavior.Losses.PolicyLoss.sum": {
            "value": 0.023242154783845222,
            "min": 0.019901874130246817,
            "max": 0.02988618931353644,
            "count": 9
        },
        "MyBehavior.Losses.ValueLoss.mean": {
            "value": 0.007130106842076337,
            "min": 0.007130106842076337,
            "max": 0.06612725445517788,
            "count": 9
        },
        "MyBehavior.Losses.ValueLoss.sum": {
            "value": 0.007130106842076337,
            "min": 0.007130106842076337,
            "max": 0.06612725445517788,
            "count": 9
        },
        "MyBehavior.Policy.LearningRate.mean": {
            "value": 0.0009095440090456,
            "min": 0.0009095440090456,
            "max": 0.0009899610010038998,
            "count": 9
        },
        "MyBehavior.Policy.LearningRate.sum": {
            "value": 0.0009095440090456,
            "min": 0.0009095440090456,
            "max": 0.0009899610010038998,
            "count": 9
        },
        "MyBehavior.Policy.Epsilon.mean": {
            "value": 0.1909544,
            "min": 0.1909544,
            "max": 0.19899610000000006,
            "count": 9
        },
        "MyBehavior.Policy.Epsilon.sum": {
            "value": 0.1909544,
            "min": 0.1909544,
            "max": 0.19899610000000006,
            "count": 9
        },
        "MyBehavior.Policy.Beta.mean": {
            "value": 0.004548624560000001,
            "min": 0.004548624560000001,
            "max": 0.004949905390000001,
            "count": 9
        },
        "MyBehavior.Policy.Beta.sum": {
            "value": 0.004548624560000001,
            "min": 0.004548624560000001,
            "max": 0.004949905390000001,
            "count": 9
        }
    },
    "metadata": {
        "timer_format_version": "0.1.0",
        "start_time_seconds": "1714479159",
        "python_version": "3.7.16 (default, Jan 17 2023, 16:06:28) [MSC v.1916 64 bit (AMD64)]",
        "command_line_arguments": "D:\\Anaconda\\envs\\unity\\Scripts\\mlagents-learn TreasureSearch.yaml --run-id=Run 31",
        "mlagents_version": "0.28.0",
        "mlagents_envs_version": "0.28.0",
        "communication_protocol_version": "1.5.0",
        "pytorch_version": "1.7.1+cu110",
        "numpy_version": "1.21.6",
        "end_time_seconds": "1714479622"
    },
    "total": 462.0731884,
    "count": 1,
    "self": 0.008640800000023319,
    "children": {
        "run_training.setup": {
            "total": 0.13052780000000008,
            "count": 1,
            "self": 0.13052780000000008
        },
        "TrainerController.start_learning": {
            "total": 461.9340198,
            "count": 1,
            "self": 0.5923474999989935,
            "children": {
                "TrainerController._reset_env": {
                    "total": 12.7509678,
                    "count": 1,
                    "self": 12.7509678
                },
                "TrainerController.advance": {
                    "total": 448.377268100001,
                    "count": 12998,
                    "self": 0.3188603000002104,
                    "children": {
                        "env_step": {
                            "total": 448.0584078000008,
                            "count": 12998,
                            "self": 404.9364816000025,
                            "children": {
                                "SubprocessEnvManager._take_step": {
                                    "total": 42.79384299999941,
                                    "count": 12998,
                                    "self": 1.2562293999979275,
                                    "children": {
                                        "TorchPolicy.evaluate": {
                                            "total": 41.537613600001485,
                                            "count": 11551,
                                            "self": 4.4824813999991235,
                                            "children": {
                                                "TorchPolicy.sample_actions": {
                                                    "total": 37.05513220000236,
                                                    "count": 11551,
                                                    "self": 37.05513220000236
                                                }
                                            }
                                        }
                                    }
                                },
                                "workers": {
                                    "total": 0.32808319999892,
                                    "count": 12997,
                                    "self": 0.0,
                                    "children": {
                                        "worker_root": {
                                            "total": 400.5580523000005,
                                            "count": 12997,
                                            "is_parallel": true,
                                            "self": 77.32628330000136,