{
    "name": "root",
    "gauges": {
        "MyBehavior.Policy.Entropy.mean": {
            "value": 1.4200246334075928,
            "min": 1.4189382791519165,
            "max": 1.4200246334075928,
            "count": 40
        },
        "MyBehavior.Policy.Entropy.sum": {
            "value": 28661.77734375,
            "min": 22527.26953125,
            "max": 33956.89453125,
            "count": 40
        },
        "MyBehavior.Environment.EpisodeLength.mean": {
            "value": 329.5409836065574,
            "min": 202.43157894736842,
            "max": 355.5,
            "count": 40
        },
        "MyBehavior.Environment.EpisodeLength.sum": {
            "value": 20102.0,
            "min": 15194.0,
            "max": 24764.0,
            "count": 40
        },
        "MyBehavior.Step.mean": {
            "value": 799699.0,
            "min": 19978.0,
            "max": 799699.0,
            "count": 40
        },
        "MyBehavior.Step.sum": {
            "value": 799699.0,
            "min": 19978.0,
            "max": 799699.0,
            "count": 40
        },
        "MyBehavior.Policy.ExtrinsicValueEstimate.mean": {
            "value": -0.04789513722062111,
            "min": -0.05789279192686081,
            "max": 0.012829316779971123,
            "count": 40
        },
        "MyBehavior.Policy.ExtrinsicValueEstimate.sum": {
            "value": -2.9216034412384033,
            "min": -5.247720718383789,
            "max": 1.0776625871658325,
            "count": 40
        },
        "MyBehavior.Environment.CumulativeReward.mean": {
            "value": -0.9217846461983977,
            "min": -0.9799600839614868,
            "max": -0.8932333348525895,
            "count": 40
        },
        "MyBehavior.Environment.CumulativeReward.sum": {
            "value": -56.228863418102264,
            "min": -93.09620797634125,
            "max": -54.16533321142197,
            "count": 40
        },
        "MyBehavior.Policy.ExtrinsicReward.mean": {
            "value": -0.9217846461983977,
            "min": -0.9799600839614868,
            "max": -0.8932333348525895,
            "count": 40
        },
        "MyBehavior.Policy.ExtrinsicReward.sum": {
            "value": -56.228863418102264,
            "min": -93.09620797634125,
            "max": -54.16533321142197,
            "count": 40
        },
        "MyBehavior.IsTraining.mean": {
            "value": 1.0,
            "min": 1.0,
            "max": 1.0,
            "count": 40
        },
        "MyBehavior.IsTraining.sum": {
            "value": 1.0,
            "min": 1.0,
            "max": 1.0,
            "count": 40
        },
        "MyBehavior.Losses.PolicyLoss.mean": {
            "value": 0.013154381371956939,
            "min": 0.013154381371956939,
            "max": 0.015554956120771143,
            "count": 8
        },
        "MyBehavior.Losses.PolicyLoss.sum": {
            "value": 0.013154381371956939,
            "min": 0.013154381371956939,
            "max": 0.015554956120771143,
            "count": 8
        },
        "MyBehavior.Losses.ValueLoss.mean": {
            "value": 0.009410323047389587,
            "min": 0.009410323047389587,
            "max": 0.023563278776903947,
            "count": 8
        },
        "MyBehavior.Losses.ValueLoss.sum": {
            "value": 0.009410323047389587,
            "min": 0.009410323047389587,
            "max": 0.023563278776903947,
            "count": 8
        },
        "MyBehavior.Policy.LearningRate.mean": {
            "value": 9.26079039217e-06,
            "min": 9.26079039217e-06,
            "max": 9.907680923200002e-06,
            "count": 8
        },
        "MyBehavior.Policy.LearningRate.sum": {
            "value": 9.26079039217e-06,
            "min": 9.26079039217e-06,
            "max": 9.907680923200002e-06,
            "count": 8
        },
        "MyBehavior.Policy.Epsilon.mean": {
            "value": 0.19260783,
            "min": 0.19260783,
            "max": 0.19907679999999997,
            "count": 8
        },
        "MyBehavior.Policy.Epsilon.sum": {
            "value": 0.19260783,
            "min": 0.19260783,
            "max": 0.19907679999999997,
            "count": 8
        },
        "MyBehavior.Policy.Beta.mean": {
            "value": 0.004631130716999999,
            "min": 0.004631130716999999,
            "max": 0.004953932319999998,
            "count": 8
        },
        "MyBehavior.Policy.Beta.sum": {
            "value": 0.004631130716999999,
            "min": 0.004631130716999999,
            "max": 0.004953932319999998,
            "count": 8
        }
    },
    "metadata": {
        "timer_format_version": "0.1.0",
        "start_time_seconds": "1715581826",
        "python_version": "3.7.16 (default, Jan 17 2023, 16:06:28) [MSC v.1916 64 bit (AMD64)]",
        "command_line_arguments": "D:\\Anaconda\\envs\\unity\\Scripts\\mlagents-learn TreasureSearch.yaml --run-id=Run 172",
        "mlagents_version": "0.28.0",
        "mlagents_envs_version": "0.28.0",
        "communication_protocol_version": "1.5.0",
        "pytorch_version": "1.7.1+cu110",
        "numpy_version": "1.21.6",
        "end_time_seconds": "1715582919"
    },
    "total": 1092.6506964,
    "count": 1,
    "self": 0.09067879999997785,
    "children": {
        "run_training.setup": {
            "total": 0.2557596,
            "count": 1,
            "self": 0.2557596
        },
        "TrainerController.start_learning": {
            "total": 1092.3042580000001,
            "count": 1,
            "self": 1.798198000020193,
            "children": {
                "TrainerController._reset_env": {
                    "total": 12.9117902,
                    "count": 1,
                    "self": 12.9117902
                },
                "TrainerController.advance": {
                    "total": 1077.5112907999796,
                    "count": 68084,
                    "self": 1.0015598999616486,
                    "children": {
                        "env_step": {
                            "total": 1076.509730900018,
                            "count": 68084,
                            "self": 652.247929200008,
                            "children": {
                                "SubprocessEnvManager._take_step": {
                                    "total": 423.3083629999973,
                                    "count": 68084,
                                    "self": 4.978169399988644,
                                    "children": {
                                        "TorchPolicy.evaluate": {
                                            "total": 418.33019360000867,
                                            "count": 68084,
                                            "self": 129.04180510002254,
                                            "children": {
                                                "TorchPolicy.sample_actions": {
                                                    "total": 289.2883884999861,
                                                    "count": 68084,
                                                    "self": 289.2883884999861
                                                }
                                            }
                                        }
                                    }
                                },
                                "workers": {
                                    "total": 0.9534387000126952,
                                    "count": 68083,
                                    "self": 0.0,
                                    "children": {
                                        "worker_root": {
                                            "total": 1079.7095857000138,
                                            "count": 68083,
                                            "is_parallel": true,