{
    "name": "root",
    "gauges": {
        "MyBehavior.Policy.Entropy.mean": {
            "value": 1.7414087057113647,
            "min": 1.4189382791519165,
            "max": 1.7414087057113647,
            "count": 59
        },
        "MyBehavior.Policy.Entropy.sum": {
            "value": 52769.90625,
            "min": 42538.3515625,
            "max": 55367.48828125,
            "count": 59
        },
        "MyBehavior.Environment.EpisodeLength.mean": {
            "value": 476.0,
            "min": 50.97746967071057,
            "max": 506.3898305084746,
            "count": 59
        },
        "MyBehavior.Environment.EpisodeLength.sum": {
            "value": 29988.0,
            "min": 27979.0,
            "max": 31952.0,
            "count": 59
        },
        "MyBehavior.Step.mean": {
            "value": 1769505.0,
            "min": 29985.0,
            "max": 1769505.0,
            "count": 59
        },
        "MyBehavior.Step.sum": {
            "value": 1769505.0,
            "min": 29985.0,
            "max": 1769505.0,
            "count": 59
        },
        "MyBehavior.Policy.ExtrinsicValueEstimate.mean": {
            "value": -0.5110464096069336,
            "min": -0.5652071833610535,
            "max": -0.011633939109742641,
            "count": 59
        },
        "MyBehavior.Policy.ExtrinsicValueEstimate.sum": {
            "value": -32.1959228515625,
            "min": -230.5320281982422,
            "max": -6.584809303283691,
            "count": 59
        },
        "MyBehavior.Environment.CumulativeReward.mean": {
            "value": -24.126349365900435,
            "min": -25.94152591996274,
            "max": -3.5789945513991386,
            "count": 59
        },
        "MyBehavior.Environment.CumulativeReward.sum": {
            "value": -1519.9600100517273,
            "min": -2065.079856157303,
            "max": -1508.449999332428,
            "count": 59
        },
        "MyBehavior.Policy.ExtrinsicReward.mean": {
            "value": -24.126349365900435,
            "min": -25.94152591996274,
            "max": -3.5789945513991386,
            "count": 59
        },
        "MyBehavior.Policy.ExtrinsicReward.sum": {
            "value": -1519.9600100517273,
            "min": -2065.079856157303,
            "max": -1508.449999332428,
            "count": 59
        },
        "MyBehavior.IsTraining.mean": {
            "value": 1.0,
            "min": 1.0,
            "max": 1.0,
            "count": 59
        },
        "MyBehavior.IsTraining.sum": {
            "value": 1.0,
            "min": 1.0,
            "max": 1.0,
            "count": 59
        },
        "MyBehavior.Losses.PolicyLoss.mean": {
            "value": 0.01066232226807379,
            "min": 0.00920035131400111,
            "max": 0.012724058478038626,
            "count": 17
        },
        "MyBehavior.Losses.PolicyLoss.sum": {
            "value": 0.01066232226807379,
            "min": 0.00920035131400111,
            "max": 0.012724058478038626,
            "count": 17
        },
        "MyBehavior.Losses.ValueLoss.mean": {
            "value": 0.001100951795754219,
            "min": 0.001100951795754219,
            "max": 0.03334934966589667,
            "count": 17
        },
        "MyBehavior.Losses.ValueLoss.sum": {
            "value": 0.001100951795754219,
            "min": 0.001100951795754219,
            "max": 0.03334934966589667,
            "count": 17
        },
        "MyBehavior.Policy.LearningRate.mean": {
            "value": 0.0008297448170255201,
            "min": 0.0008297448170255201,
            "max": 0.0009899970010003002,
            "count": 17
        },
        "MyBehavior.Policy.LearningRate.sum": {
            "value": 0.0008297448170255201,
            "min": 0.0008297448170255201,
            "max": 0.0009899970010003002,
            "count": 17
        },
        "MyBehavior.Policy.Epsilon.mean": {
            "value": 0.18297448000000002,
            "min": 0.18297448000000002,
            "max": 0.19899969999999997,
            "count": 17
        },
        "MyBehavior.Policy.Epsilon.sum": {
            "value": 0.18297448000000002,
            "min": 0.18297448000000002,
            "max": 0.19899969999999997,
            "count": 17
        },
        "MyBehavior.Policy.Beta.mean": {
            "value": 0.004150426551999999,
            "min": 0.004150426551999999,
            "max": 0.00495008503,
            "count": 17
        },
        "MyBehavior.Policy.Beta.sum": {
            "value": 0.004150426551999999,
            "min": 0.004150426551999999,
            "max": 0.00495008503,
            "count": 17
        }
    },
    "metadata": {
        "timer_format_version": "0.1.0",
        "start_time_seconds": "1713535998",
        "python_version": "3.7.16 (default, Jan 17 2023, 16:06:28) [MSC v.1916 64 bit (AMD64)]",
        "command_line_arguments": "D:\\Anaconda\\envs\\unity\\Scripts\\mlagents-learn .\\TreasureSearch.yaml --run-id=Run 13",
        "mlagents_version": "0.28.0",
        "mlagents_envs_version": "0.28.0",
        "communication_protocol_version": "1.5.0",
        "pytorch_version": "1.7.1+cu110",
        "numpy_version": "1.21.6",
        "end_time_seconds": "1713540542"
    },
    "total": 4544.1293004,
    "count": 1,
    "self": 0.009848799999417679,
    "children": {
        "run_training.setup": {
            "total": 0.1370142999999997,
            "count": 1,
            "self": 0.1370142999999997
        },
        "TrainerController.start_learning": {
            "total": 4543.9824373,
            "count": 1,
            "self": 10.068929400105844,
            "children": {
                "TrainerController._reset_env": {
                    "total": 13.579391300000001,
                    "count": 1,
                    "self": 13.579391300000001
                },
                "TrainerController.advance": {
                    "total": 4519.851431199895,
                    "count": 208532,
                    "self": 5.629863599762757,
                    "children": {
                        "env_step": {
                            "total": 4514.221567600132,
                            "count": 208532,
                            "self": 3890.317804100334,
                            "children": {
                                "SubprocessEnvManager._take_step": {
                                    "total": 618.4796304999606,
                                    "count": 208532,
                                    "self": 23.56361600005107,
                                    "children": {
                                        "TorchPolicy.evaluate": {
                                            "total": 594.9160144999096,
                                            "count": 198617,
                                            "self": 89.58199359980813,
                                            "children": {
                                                "TorchPolicy.sample_actions": {
                                                    "total": 505.33402090010145,
                                                    "count": 198617,
                                                    "self": 505.33402090010145
                                                }
                                            }
                                        }
                                    }
                                },
                                "workers": {
                                    "total": 5.424132999837944,
                                    "count": 208531,
                                    "self": 0.0,
                                    "children": {
                                        "worker_root": {
                                            "total": 4520.464280400045,
                                            "count": 208531,