{
    "name": "root",
    "gauges": {
        "MyBehavior.Policy.Entropy.mean": {
            "value": 1.4200878143310547,
            "min": 1.4189382791519165,
            "max": 1.4202882051467896,
            "count": 44
        },
        "MyBehavior.Policy.Entropy.sum": {
            "value": 29634.392578125,
            "min": 20145.3671875,
            "max": 35123.47265625,
            "count": 44
        },
        "MyBehavior.Environment.EpisodeLength.mean": {
            "value": 359.7894736842105,
            "min": 205.60416666666666,
            "max": 432.5869565217391,
            "count": 44
        },
        "MyBehavior.Environment.EpisodeLength.sum": {
            "value": 20508.0,
            "min": 15664.0,
            "max": 24372.0,
            "count": 44
        },
        "MyBehavior.Step.mean": {
            "value": 879981.0,
            "min": 19339.0,
            "max": 879981.0,
            "count": 44
        },
        "MyBehavior.Step.sum": {
            "value": 879981.0,
            "min": 19339.0,
            "max": 879981.0,
            "count": 44
        },
        "MyBehavior.Policy.ExtrinsicValueEstimate.mean": {
            "value": -0.04746418818831444,
            "min": -0.13094685971736908,
            "max": 0.04382382333278656,
            "count": 44
        },
        "MyBehavior.Policy.ExtrinsicValueEstimate.sum": {
            "value": -2.847851276397705,
            "min": -12.832792282104492,
            "max": 3.19913911819458,
            "count": 44
        },
        "MyBehavior.Environment.CumulativeReward.mean": {
            "value": -0.967804886143783,
            "min": -0.9808097941180071,
            "max": -0.801834727233311,
            "count": 44
        },
        "MyBehavior.Environment.CumulativeReward.sum": {
            "value": -56.13268339633942,
            "min": -94.15774023532867,
            "max": -41.307945013046265,
            "count": 44
        },
        "MyBehavior.Policy.ExtrinsicReward.mean": {
            "value": -0.967804886143783,
            "min": -0.9808097941180071,
            "max": -0.801834727233311,
            "count": 44
        },
        "MyBehavior.Policy.ExtrinsicReward.sum": {
            "value": -56.13268339633942,
            "min": -94.15774023532867,
            "max": -41.307945013046265,
            "count": 44
        },
        "MyBehavior.IsTraining.mean": {
            "value": 1.0,
            "min": 1.0,
            "max": 1.0,
            "count": 44
        },
        "MyBehavior.IsTraining.sum": {
            "value": 1.0,
            "min": 1.0,
            "max": 1.0,
            "count": 44
        },
        "MyBehavior.Losses.PolicyLoss.mean": {
            "value": 0.013928914612430768,
            "min": 0.012976845440698525,
            "max": 0.01599285580608315,
            "count": 9
        },
        "MyBehavior.Losses.PolicyLoss.sum": {
            "value": 0.013928914612430768,
            "min": 0.012976845440698525,
            "max": 0.01599285580608315,
            "count": 9
        },
        "MyBehavior.Losses.ValueLoss.mean": {
            "value": 0.006370040467785051,
            "min": 0.006258988454161832,
            "max": 0.018016218805375198,
            "count": 9
        },
        "MyBehavior.Losses.ValueLoss.sum": {
            "value": 0.006370040467785051,
            "min": 0.006258988454161832,
            "max": 0.018016218805375198,
            "count": 9
        },
        "MyBehavior.Policy.LearningRate.mean": {
            "value": 9.168768312400002e-06,
            "min": 9.168768312400002e-06,
            "max": 9.907818921820001e-06,
            "count": 9
        },
        "MyBehavior.Policy.LearningRate.sum": {
            "value": 9.168768312400002e-06,
            "min": 9.168768312400002e-06,
            "max": 9.907818921820001e-06,
            "count": 9
        },
        "MyBehavior.Policy.Epsilon.mean": {
            "value": 0.19168759999999999,
            "min": 0.19168759999999999,
            "max": 0.19907818,
            "count": 9
        },
        "MyBehavior.Policy.Epsilon.sum": {
            "value": 0.19168759999999999,
            "min": 0.19168759999999999,
            "max": 0.19907818,
            "count": 9
        },
        "MyBehavior.Policy.Beta.mean": {
            "value": 0.0045852112399999995,
            "min": 0.0045852112399999995,
            "max": 0.004954001182,
            "count": 9
        },
        "MyBehavior.Policy.Beta.sum": {
            "value": 0.0045852112399999995,
            "min": 0.0045852112399999995,
            "max": 0.004954001182,
            "count": 9
        }
    },
    "metadata": {
        "timer_format_version": "0.1.0",
        "start_time_seconds": "1715580613",
        "python_version": "3.7.16 (default, Jan 17 2023, 16:06:28) [MSC v.1916 64 bit (AMD64)]",
        "command_line_arguments": "D:\\Anaconda\\envs\\unity\\Scripts\\mlagents-learn TreasureSearch.yaml --run-id=Run 171",
        "mlagents_version": "0.28.0",
        "mlagents_envs_version": "0.28.0",
        "communication_protocol_version": "1.5.0",
        "pytorch_version": "1.7.1+cu110",
        "numpy_version": "1.21.6",
        "end_time_seconds": "1715581813"
    },
    "total": 1199.6036545000002,
    "count": 1,
    "self": 0.011494200000242927,
    "children": {
        "run_training.setup": {
            "total": 0.12865400000000005,
            "count": 1,
            "self": 0.12865400000000005
        },
        "TrainerController.start_learning": {
            "total": 1199.4635062999998,
            "count": 1,
            "self": 2.0481802999979664,
            "children": {
                "TrainerController._reset_env": {
                    "total": 16.9528702,
                    "count": 1,
                    "self": 16.9528702
                },
                "TrainerController.advance": {
                    "total": 1180.2530174000017,
                    "count": 74084,
                    "self": 1.1327083000041966,
                    "children": {
                        "env_step": {
                            "total": 1179.1203090999975,
                            "count": 74084,
                            "self": 707.7158629000337,
                            "children": {
                                "SubprocessEnvManager._take_step": {
                                    "total": 470.35517389997784,
                                    "count": 74084,
                                    "self": 5.600541199953,
                                    "children": {
                                        "TorchPolicy.evaluate": {
                                            "total": 464.75463270002484,
                                            "count": 74084,
                                            "self": 142.03995100005426,
                                            "children": {
                                                "TorchPolicy.sample_actions": {
                                                    "total": 322.7146816999706,
                                                    "count": 74084,
                                                    "self": 322.7146816999706
                                                }
                                            }
                                        }
                                    }
                                },
                                "workers": {
                                    "total": 1.04927229998599,
                                    "count": 74083,
                                    "self": 0.0,
                                    "children": {
                                        "worker_root": {
                                            "total": 1183.1094557000233,
                                            "count": 74083,
                                            "is_parallel": true,