{
    "name": "root",
    "gauges": {
        "MyBehavior.Policy.Entropy.mean": {
            "value": 1.4236304759979248,
            "min": 1.4105204343795776,
            "max": 1.4236304759979248,
            "count": 13
        },
        "MyBehavior.Policy.Entropy.sum": {
            "value": 28418.51171875,
            "min": 27750.580078125,
            "max": 28948.4296875,
            "count": 13
        },
        "MyBehavior.Environment.EpisodeLength.mean": {
            "value": 226.3409090909091,
            "min": 34.117543859649125,
            "max": 226.3409090909091,
            "count": 13
        },
        "MyBehavior.Environment.EpisodeLength.sum": {
            "value": 19918.0,
            "min": 19387.0,
            "max": 20163.0,
            "count": 13
        },
        "MyBehavior.Step.mean": {
            "value": 259873.0,
            "min": 19964.0,
            "max": 259873.0,
            "count": 13
        },
        "MyBehavior.Step.sum": {
            "value": 259873.0,
            "min": 19964.0,
            "max": 259873.0,
            "count": 13
        },
        "MyBehavior.Policy.ExtrinsicValueEstimate.mean": {
            "value": -0.5208266377449036,
            "min": -0.6167344450950623,
            "max": -0.24496091902256012,
            "count": 13
        },
        "MyBehavior.Policy.ExtrinsicValueEstimate.sum": {
            "value": -65.62415313720703,
            "min": -262.7288818359375,
            "max": -65.62415313720703,
            "count": 13
        },
        "MyBehavior.Environment.CumulativeReward.mean": {
            "value": -12.120575293727304,
            "min": -12.120575293727304,
            "max": -2.7351844212292367,
            "count": 13
        },
        "MyBehavior.Environment.CumulativeReward.sum": {
            "value": -1054.4900505542755,
            "min": -1556.3199356794357,
            "max": -1054.4900505542755,
            "count": 13
        },
        "MyBehavior.Policy.ExtrinsicReward.mean": {
            "value": -12.120575293727304,
            "min": -12.120575293727304,
            "max": -2.7351844212292367,
            "count": 13
        },
        "MyBehavior.Policy.ExtrinsicReward.sum": {
            "value": -1054.4900505542755,
            "min": -1556.3199356794357,
            "max": -1054.4900505542755,
            "count": 13
        },
        "MyBehavior.Losses.PolicyLoss.mean": {
            "value": 0.024654411111475417,
            "min": 0.020085699054309063,
            "max": 0.024726207385322562,
            "count": 13
        },
        "MyBehavior.Losses.PolicyLoss.sum": {
            "value": 0.049308822222950834,
            "min": 0.02322204804254903,
            "max": 0.049452414770645124,
            "count": 13
        },
        "MyBehavior.Losses.ValueLoss.mean": {
            "value": 0.0025248200636943455,
            "min": 0.0025248200636943455,
            "max": 0.050364178570884245,
            "count": 13
        },
        "MyBehavior.Losses.ValueLoss.sum": {
            "value": 0.005049640127388691,
            "min": 0.005049640127388691,
            "max": 0.050364178570884245,
            "count": 13
        },
        "MyBehavior.Policy.LearningRate.mean": {
            "value": 0.0007531480246852,
            "min": 0.0007531480246852,
            "max": 0.0009899980010001999,
            "count": 13
        },
        "MyBehavior.Policy.LearningRate.sum": {
            "value": 0.0015062960493704,
            "min": 0.0009899980010001999,
            "max": 0.0019499610050039001,
            "count": 13
        },
        "MyBehavior.Policy.Epsilon.mean": {
            "value": 0.17531479999999997,
            "min": 0.17531479999999997,
            "max": 0.19899980000000003,
            "count": 13
        },
        "MyBehavior.Policy.Epsilon.sum": {
            "value": 0.35062959999999993,
            "min": 0.19899980000000003,
            "max": 0.3949961,
            "count": 13
        },
        "MyBehavior.Policy.Beta.mean": {
            "value": 0.00376820852,
            "min": 0.00376820852,
            "max": 0.00495009002,
            "count": 13
        },
        "MyBehavior.Policy.Beta.sum": {
            "value": 0.00753641704,
            "min": 0.00495009002,
            "max": 0.00975030539,
            "count": 13
        },
        "MyBehavior.IsTraining.mean": {
            "value": 1.0,
            "min": 1.0,
            "max": 1.0,
            "count": 13
        },
        "MyBehavior.IsTraining.sum": {
            "value": 1.0,
            "min": 1.0,
            "max": 1.0,
            "count": 13
        }
    },
    "metadata": {
        "timer_format_version": "0.1.0",
        "start_time_seconds": "1714480316",
        "python_version": "3.7.16 (default, Jan 17 2023, 16:06:28) [MSC v.1916 64 bit (AMD64)]",
        "command_line_arguments": "D:\\Anaconda\\envs\\unity\\Scripts\\mlagents-learn TreasureSearch.yaml --run-id=Run 33",
        "mlagents_version": "0.28.0",
        "mlagents_envs_version": "0.28.0",
        "communication_protocol_version": "1.5.0",
        "pytorch_version": "1.7.1+cu110",
        "numpy_version": "1.21.6",
        "end_time_seconds": "1714481421"
    },
    "total": 1105.3087055,
    "count": 1,
    "self": 0.014885099999901286,
    "children": {
        "run_training.setup": {
            "total": 0.24051369999999994,
            "count": 1,
            "self": 0.24051369999999994
        },
        "TrainerController.start_learning": {
            "total": 1105.0533067000001,
            "count": 1,
            "self": 1.418442500002584,
            "children": {
                "TrainerController._reset_env": {
                    "total": 15.3321605,
                    "count": 1,
                    "self": 15.3321605
                },
                "TrainerController.advance": {
                    "total": 1088.0910612999974,
                    "count": 31963,
                    "self": 0.787586099984992,
                    "children": {
                        "env_step": {
                            "total": 1087.3034752000124,
                            "count": 31963,
                            "self": 973.8878648000211,
                            "children": {
                                "SubprocessEnvManager._take_step": {
                                    "total": 112.61811509999768,
                                    "count": 31963,
                                    "self": 3.2335779000017766,
                                    "children": {
                                        "TorchPolicy.evaluate": {
                                            "total": 109.3845371999959,
                                            "count": 29927,
                                            "self": 11.232494800009889,
                                            "children": {
                                                "TorchPolicy.sample_actions": {
                                                    "total": 98.15204239998602,
                                                    "count": 29927,
                                                    "self": 98.15204239998602
                                                }
                                            }
                                        }
                                    }
                                },
                                "workers": {
                                    "total": 0.7974952999935674,
                                    "count": 31962,
                                    "self": 0.0,
                                    "children": {
                                        "worker_root": {
                                            "total": 1084.961163499988,
                                            "count": 31962,
                                            "is_parallel": true,