{
    "name": "root",
    "gauges": {
        "MyBehavior.Policy.Entropy.mean": {
            "value": 1.4245554208755493,
            "min": 1.4189382791519165,
            "max": 1.4261702299118042,
            "count": 32
        },
        "MyBehavior.Policy.Entropy.sum": {
            "value": 27616.431640625,
            "min": 24988.876953125,
            "max": 32122.05078125,
            "count": 32
        },
        "MyBehavior.Environment.EpisodeLength.mean": {
            "value": 154.06349206349208,
            "min": 103.18229166666667,
            "max": 196.12121212121212,
            "count": 32
        },
        "MyBehavior.Environment.EpisodeLength.sum": {
            "value": 19412.0,
            "min": 19412.0,
            "max": 20585.0,
            "count": 32
        },
        "MyBehavior.Step.mean": {
            "value": 639783.0,
            "min": 19710.0,
            "max": 639783.0,
            "count": 32
        },
        "MyBehavior.Step.sum": {
            "value": 639783.0,
            "min": 19710.0,
            "max": 639783.0,
            "count": 32
        },
        "MyBehavior.Policy.ExtrinsicValueEstimate.mean": {
            "value": -0.272411048412323,
            "min": -0.2983887791633606,
            "max": 0.11818306893110275,
            "count": 32
        },
        "MyBehavior.Policy.ExtrinsicValueEstimate.sum": {
            "value": -34.32379150390625,
            "min": -39.93910217285156,
            "max": 19.6368350982666,
            "count": 32
        },
        "MyBehavior.Environment.CumulativeReward.mean": {
            "value": -3.893332964844174,
            "min": -4.991716729270087,
            "max": -3.07776015996933,
            "count": 32
        },
        "MyBehavior.Environment.CumulativeReward.sum": {
            "value": -490.5599535703659,
            "min": -590.9299507141113,
            "max": -490.5599535703659,
            "count": 32
        },
        "MyBehavior.Policy.ExtrinsicReward.mean": {
            "value": -3.893332964844174,
            "min": -4.991716729270087,
            "max": -3.07776015996933,
            "count": 32
        },
        "MyBehavior.Policy.ExtrinsicReward.sum": {
            "value": -490.5599535703659,
            "min": -590.9299507141113,
            "max": -490.5599535703659,
            "count": 32
        },
        "MyBehavior.IsTraining.mean": {
            "value": 1.0,
            "min": 1.0,
            "max": 1.0,
            "count": 32
        },
        "MyBehavior.IsTraining.sum": {
            "value": 1.0,
            "min": 1.0,
            "max": 1.0,
            "count": 32
        },
        "MyBehavior.Losses.PolicyLoss.mean": {
            "value": 0.017684200025784472,
            "min": 0.015897325858434973,
            "max": 0.017684200025784472,
            "count": 3
        },
        "MyBehavior.Losses.PolicyLoss.sum": {
            "value": 0.017684200025784472,
            "min": 0.015897325858434973,
            "max": 0.017684200025784472,
            "count": 3
        },
        "MyBehavior.Losses.ValueLoss.mean": {
            "value": 0.012478141027192274,
            "min": 0.012478141027192274,
            "max": 0.020588817714403074,
            "count": 3
        },
        "MyBehavior.Losses.ValueLoss.sum": {
            "value": 0.012478141027192274,
            "min": 0.012478141027192274,
            "max": 0.020588817714403074,
            "count": 3
        },
        "MyBehavior.Policy.LearningRate.mean": {
            "value": 9.385182614817998e-05,
            "min": 9.385182614817998e-05,
            "max": 9.794838205162001e-05,
            "count": 3
        },
        "MyBehavior.Policy.LearningRate.sum": {
            "value": 9.385182614817998e-05,
            "min": 9.385182614817998e-05,
            "max": 9.794838205162001e-05,
            "count": 3
        },
        "MyBehavior.Policy.Epsilon.mean": {
            "value": 0.19385182,
            "min": 0.19385182,
            "max": 0.19794837999999998,
            "count": 3
        },
        "MyBehavior.Policy.Epsilon.sum": {
            "value": 0.19385182,
            "min": 0.19385182,
            "max": 0.19794837999999998,
            "count": 3
        },
        "MyBehavior.Policy.Beta.mean": {
            "value": 0.004693205817999999,
            "min": 0.004693205817999999,
            "max": 0.004897624162000001,
            "count": 3
        },
        "MyBehavior.Policy.Beta.sum": {
            "value": 0.004693205817999999,
            "min": 0.004693205817999999,
            "max": 0.004897624162000001,
            "count": 3
        }
    },
    "metadata": {
        "timer_format_version": "0.1.0",
        "start_time_seconds": "1714675399",
        "python_version": "3.7.16 (default, Jan 17 2023, 16:06:28) [MSC v.1916 64 bit (AMD64)]",
        "command_line_arguments": "D:\\Anaconda\\envs\\unity\\Scripts\\mlagents-learn TreasureSearch.yaml --run-id=62",
        "mlagents_version": "0.28.0",
        "mlagents_envs_version": "0.28.0",
        "communication_protocol_version": "1.5.0",
        "pytorch_version": "1.7.1+cu110",
        "numpy_version": "1.21.6",
        "end_time_seconds": "1714677068"
    },
    "total": 1669.2690985000002,
    "count": 1,
    "self": 0.006807100000060018,
    "children": {
        "run_training.setup": {
            "total": 0.18624639999999992,
            "count": 1,
            "self": 0.18624639999999992
        },
        "TrainerController.start_learning": {
            "total": 1669.076045,
            "count": 1,
            "self": 2.9555546000124195,
            "children": {
                "TrainerController._reset_env": {
                    "total": 10.8513754,
                    "count": 1,
                    "self": 10.8513754
                },
                "TrainerController.advance": {
                    "total": 1654.9712256999876,
                    "count": 73713,
                    "self": 1.632479700026579,
                    "children": {
                        "env_step": {
                            "total": 1653.338745999961,
                            "count": 73713,
                            "self": 1460.3873640999561,
                            "children": {
                                "SubprocessEnvManager._take_step": {
                                    "total": 191.37978660002344,
                                    "count": 73713,
                                    "self": 7.198316800020137,
                                    "children": {
                                        "TorchPolicy.evaluate": {
                                            "total": 184.1814698000033,
                                            "count": 72107,
                                            "self": 20.931526599993845,
                                            "children": {
                                                "TorchPolicy.sample_actions": {
                                                    "total": 163.24994320000945,
                                                    "count": 72107,
                                                    "self": 163.24994320000945
                                                }
                                            }
                                        }
                                    }
                                },
                                "workers": {
                                    "total": 1.571595299981423,
                                    "count": 73712,
                                    "self": 0.0,
                                    "children": {
                                        "worker_root": {
                                            "total": 1654.9052710999958,
                                            "count": 73712,
                                            "is_parallel": true,