{
    "name": "root",
    "gauges": {
        "MyBehavior.Policy.Entropy.mean": {
            "value": 1.4235159158706665,
            "min": 1.418938398361206,
            "max": 1.4235972166061401,
            "count": 222
        },
        "MyBehavior.Policy.Entropy.sum": {
            "value": 26648.21875,
            "min": 23245.796875,
            "max": 32861.8046875,
            "count": 222
        },
        "MyBehavior.Environment.EpisodeLength.mean": {
            "value": 477.0,
            "min": 235.48192771084337,
            "max": 638.3636363636364,
            "count": 222
        },
        "MyBehavior.Environment.EpisodeLength.sum": {
            "value": 20988.0,
            "min": 17579.0,
            "max": 22324.0,
            "count": 222
        },
        "MyBehavior.Step.mean": {
            "value": 4439996.0,
            "min": 19780.0,
            "max": 4439996.0,
            "count": 222
        },
        "MyBehavior.Step.sum": {
            "value": 4439996.0,
            "min": 19780.0,
            "max": 4439996.0,
            "count": 222
        },
        "MyBehavior.Policy.ExtrinsicValueEstimate.mean": {
            "value": -0.03228826820850372,
            "min": -0.15913650393486023,
            "max": 0.027639824897050858,
            "count": 222
        },
        "MyBehavior.Policy.ExtrinsicValueEstimate.sum": {
            "value": -1.5498368740081787,
            "min": -13.844876289367676,
            "max": 1.2990717887878418,
            "count": 222
        },
        "MyBehavior.Environment.CumulativeReward.mean": {
            "value": -0.9581559110771526,
            "min": -0.9771480646478125,
            "max": -0.4428455948829651,
            "count": 222
        },
        "MyBehavior.Environment.CumulativeReward.sum": {
            "value": -42.158860087394714,
            "min": -81.10328936576843,
            "max": -16.679547727108,
            "count": 222
        },
        "MyBehavior.Policy.ExtrinsicReward.mean": {
            "value": -0.9581559110771526,
            "min": -0.9771480646478125,
            "max": -0.4428455948829651,
            "count": 222
        },
        "MyBehavior.Policy.ExtrinsicReward.sum": {
            "value": -42.158860087394714,
            "min": -81.10328936576843,
            "max": -16.679547727108,
            "count": 222
        },
        "MyBehavior.IsTraining.mean": {
            "value": 1.0,
            "min": 1.0,
            "max": 1.0,
            "count": 222
        },
        "MyBehavior.IsTraining.sum": {
            "value": 1.0,
            "min": 1.0,
            "max": 1.0,
            "count": 222
        },
        "MyBehavior.Losses.PolicyLoss.mean": {
            "value": 0.013376030496632059,
            "min": 0.012616082769818604,
            "max": 0.020454438981444886,
            "count": 107
        },
        "MyBehavior.Losses.PolicyLoss.sum": {
            "value": 0.013376030496632059,
            "min": 0.012616082769818604,
            "max": 0.020454438981444886,
            "count": 107
        },
        "MyBehavior.Losses.ValueLoss.mean": {
            "value": 0.006314921522668253,
            "min": 0.003534896435060849,
            "max": 0.01814734616006414,
            "count": 107
        },
        "MyBehavior.Losses.ValueLoss.sum": {
            "value": 0.006314921522668253,
            "min": 0.003534896435060849,
            "max": 0.01814734616006414,
            "count": 107
        },
        "MyBehavior.Policy.LearningRate.mean": {
            "value": 5.5823731767099985e-06,
            "min": 5.5823731767099985e-06,
            "max": 9.958872411279997e-06,
            "count": 107
        },
        "MyBehavior.Policy.LearningRate.sum": {
            "value": 5.5823731767099985e-06,
            "min": 5.5823731767099985e-06,
            "max": 9.958872411279997e-06,
            "count": 107
        },
        "MyBehavior.Policy.Epsilon.mean": {
            "value": 0.1558232900000001,
            "min": 0.1558232900000001,
            "max": 0.19958871999999994,
            "count": 107
        },
        "MyBehavior.Policy.Epsilon.sum": {
            "value": 0.1558232900000001,
            "min": 0.1558232900000001,
            "max": 0.19958871999999994,
            "count": 107
        },
        "MyBehavior.Policy.Beta.mean": {
            "value": 0.0027955821710000006,
            "min": 0.0027955821710000006,
            "max": 0.004979477128,
            "count": 107
        },
        "MyBehavior.Policy.Beta.sum": {
            "value": 0.0027955821710000006,
            "min": 0.0027955821710000006,
            "max": 0.004979477128,
            "count": 107
        }
    },
    "metadata": {
        "timer_format_version": "0.1.0",
        "start_time_seconds": "1715426154",
        "python_version": "3.7.16 (default, Jan 17 2023, 16:06:28) [MSC v.1916 64 bit (AMD64)]",
        "command_line_arguments": "D:\\Anaconda\\envs\\unity\\Scripts\\mlagents-learn TreasureSearch.yaml --run-id=Run 158",
        "mlagents_version": "0.28.0",
        "mlagents_envs_version": "0.28.0",
        "communication_protocol_version": "1.5.0",
        "pytorch_version": "1.7.1+cu110",
        "numpy_version": "1.21.6",
        "end_time_seconds": "1715431854"
    },
    "total": 5699.4512486,
    "count": 1,
    "self": 0.007450300000527932,
    "children": {
        "run_training.setup": {
            "total": 0.1553450999999999,
            "count": 1,
            "self": 0.1553450999999999
        },
        "TrainerController.start_learning": {
            "total": 5699.2884532,
            "count": 1,
            "self": 9.731455199954326,
            "children": {
                "TrainerController._reset_env": {
                    "total": 12.5165781,
                    "count": 1,
                    "self": 12.5165781
                },
                "TrainerController.advance": {
                    "total": 5676.941229300046,
                    "count": 371487,
                    "self": 5.518867999943723,
                    "children": {
                        "env_step": {
                            "total": 5671.422361300102,
                            "count": 371487,
                            "self": 3532.680937700284,
                            "children": {
                                "SubprocessEnvManager._take_step": {
                                    "total": 2133.629859499915,
                                    "count": 371487,
                                    "self": 26.770001099730962,
                                    "children": {
                                        "TorchPolicy.evaluate": {
                                            "total": 2106.859858400184,
                                            "count": 371487,
                                            "self": 688.5212240002779,
                                            "children": {
                                                "TorchPolicy.sample_actions": {
                                                    "total": 1418.338634399906,
                                                    "count": 371486,
                                                    "self": 1418.338634399906
                                                }
                                            }
                                        }
                                    }
                                },
                                "workers": {
                                    "total": 5.111564099903397,
                                    "count": 371486,
                                    "self": 0.0,
                                    "children": {
                                        "worker_root": {
                                            "total": 5678.341162799853,
                                            "count": 371486,