{
    "name": "root",
    "gauges": {
        "MyBehavior.Policy.Entropy.mean": {
            "value": 1.4189382791519165,
            "min": 1.4189382791519165,
            "max": 1.4189382791519165,
            "count": 2
        },
        "MyBehavior.Policy.Entropy.sum": {
            "value": 28537.6875,
            "min": 28537.6875,
            "max": 31670.703125,
            "count": 2
        },
        "MyBehavior.Environment.EpisodeLength.mean": {
            "value": 176.9304347826087,
            "min": 176.9304347826087,
            "max": 201.61,
            "count": 2
        },
        "MyBehavior.Environment.EpisodeLength.sum": {
            "value": 20347.0,
            "min": 20161.0,
            "max": 20347.0,
            "count": 2
        },
        "MyBehavior.Step.mean": {
            "value": 39976.0,
            "min": 19746.0,
            "max": 39976.0,
            "count": 2
        },
        "MyBehavior.Step.sum": {
            "value": 39976.0,
            "min": 19746.0,
            "max": 39976.0,
            "count": 2
        },
        "MyBehavior.Policy.ExtrinsicValueEstimate.mean": {
            "value": 0.10156106948852539,
            "min": 0.08630415052175522,
            "max": 0.10156106948852539,
            "count": 2
        },
        "MyBehavior.Policy.ExtrinsicValueEstimate.sum": {
            "value": 11.577961921691895,
            "min": 8.544111251831055,
            "max": 11.577961921691895,
            "count": 2
        },
        "MyBehavior.Environment.CumulativeReward.mean": {
            "value": -0.9828345142958457,
            "min": -0.9828345142958457,
            "max": -0.9512103988666727,
            "count": 2
        },
        "MyBehavior.Environment.CumulativeReward.sum": {
            "value": -112.04313462972641,
            "min": -112.04313462972641,
            "max": -94.1698294878006,
            "count": 2
        },
        "MyBehavior.Policy.ExtrinsicReward.mean": {
            "value": -0.9828345142958457,
            "min": -0.9828345142958457,
            "max": -0.9512103988666727,
            "count": 2
        },
        "MyBehavior.Policy.ExtrinsicReward.sum": {
            "value": -112.04313462972641,
            "min": -112.04313462972641,
            "max": -94.1698294878006,
            "count": 2
        },
        "MyBehavior.IsTraining.mean": {
            "value": 1.0,
            "min": 1.0,
            "max": 1.0,
            "count": 2
        },
        "MyBehavior.IsTraining.sum": {
            "value": 1.0,
            "min": 1.0,
            "max": 1.0,
            "count": 2
        }
    },
    "metadata": {
        "timer_format_version": "0.1.0",
        "start_time_seconds": "1715579219",
        "python_version": "3.7.16 (default, Jan 17 2023, 16:06:28) [MSC v.1916 64 bit (AMD64)]",
        "command_line_arguments": "D:\\Anaconda\\envs\\unity\\Scripts\\mlagents-learn TreasureSearch.yaml --run-id=Run 169",
        "mlagents_version": "0.28.0",
        "mlagents_envs_version": "0.28.0",
        "communication_protocol_version": "1.5.0",
        "pytorch_version": "1.7.1+cu110",
        "numpy_version": "1.21.6",
        "end_time_seconds": "1715579284"
    },
    "total": 64.96524840000001,
    "count": 1,
    "self": 0.009519700000012676,
    "children": {
        "run_training.setup": {
            "total": 0.1391776,
            "count": 1,
            "self": 0.1391776
        },
        "TrainerController.start_learning": {
            "total": 64.8165511,
            "count": 1,
            "self": 0.10841540000012628,
            "children": {
                "TrainerController._reset_env": {
                    "total": 12.958949400000002,
                    "count": 1,
                    "self": 12.958949400000002
                },
                "TrainerController.advance": {
                    "total": 51.57869349999986,
                    "count": 3698,
                    "self": 0.05337949999972125,
                    "children": {
                        "env_step": {
                            "total": 51.52531400000014,
                            "count": 3698,
                            "self": 35.97708970000012,
                            "children": {
                                "SubprocessEnvManager._take_step": {
                                    "total": 15.498273399999887,
                                    "count": 3698,
                                    "self": 0.27473309999961515,
                                    "children": {
                                        "TorchPolicy.evaluate": {
                                            "total": 15.223540300000272,
                                            "count": 3698,
                                            "self": 5.34277580000046,
                                            "children": {
                                                "TorchPolicy.sample_actions": {
                                                    "total": 9.880764499999811,
                                                    "count": 3698,
                                                    "self": 9.880764499999811
                                                }
                                            }
                                        }
                                    }
                                },
                                "workers": {
                                    "total": 0.049950900000128584,
                                    "count": 3697,
                                    "self": 0.0,
                                    "children": {
                                        "worker_root": {
                                            "total": 53.94540009999987,
                                            "count": 3697,
                                            "is_parallel": true,
                                            "self": 23.85796009999976,
                                            "children": {
                                                "steps_from_proto": {
                                                    "total": 0.0011761999999997386,
                                                    "count": 1,
                                                    "is_parallel": true,
                                                    "self": 0.00023710000000143339,
                                                    "children": {
                                                        "_process_rank_one_or_two_observation": {
                                                            "total": 0.0009390999999983052,
                                                            "count": 4,
                                                            "is_parallel": true,
                                                            "self": 0.0009390999999983052
                                                        }
                                                    }
                                                },
                                                "UnityEnvironment.step": {
                                                    "total": 30.08626380000011,
                                                    "count": 3697,
                                                    "is_parallel": true,
                                                    "self": 0.7639290000001395,
                                                    "children": {
                                                        "UnityEnvironment._generate_step_input": {
                                                            "total": 0.7615484999999307,
                                                            "count": 3697,
                                                            "is_parallel": true,