{
    "name": "root",
    "gauges": {
        "MyBehavior.Policy.Entropy.mean": {
            "value": 1.4304084777832031,
            "min": 1.4189382791519165,
            "max": 1.4347954988479614,
            "count": 32
        },
        "MyBehavior.Policy.Entropy.sum": {
            "value": 14405.6435546875,
            "min": 14073.0302734375,
            "max": 14411.0849609375,
            "count": 32
        },
        "MyBehavior.Environment.EpisodeLength.mean": {
            "value": 28.248538011695906,
            "min": 24.955844155844154,
            "max": 29.4359756097561,
            "count": 32
        },
        "MyBehavior.Environment.EpisodeLength.sum": {
            "value": 9661.0,
            "min": 9582.0,
            "max": 9723.0,
            "count": 32
        },
        "MyBehavior.Step.mean": {
            "value": 319983.0,
            "min": 9997.0,
            "max": 319983.0,
            "count": 32
        },
        "MyBehavior.Step.sum": {
            "value": 319983.0,
            "min": 9997.0,
            "max": 319983.0,
            "count": 32
        },
        "MyBehavior.Policy.ExtrinsicValueEstimate.mean": {
            "value": -2.8223581314086914,
            "min": -2.8223581314086914,
            "max": -0.005442471709102392,
            "count": 32
        },
        "MyBehavior.Policy.ExtrinsicValueEstimate.sum": {
            "value": -965.2464599609375,
            "min": -974.0867919921875,
            "max": -1.991944670677185,
            "count": 32
        },
        "MyBehavior.Environment.CumulativeReward.mean": {
            "value": -8.523472435990271,
            "min": -8.523472435990271,
            "max": -8.348758383902577,
            "count": 32
        },
        "MyBehavior.Environment.CumulativeReward.sum": {
            "value": -2915.027573108673,
            "min": -3216.6450548171997,
            "max": -2802.684697151184,
            "count": 32
        },
        "MyBehavior.Policy.ExtrinsicReward.mean": {
            "value": -8.523472435990271,
            "min": -8.523472435990271,
            "max": -8.348758383902577,
            "count": 32
        },
        "MyBehavior.Policy.ExtrinsicReward.sum": {
            "value": -2915.027573108673,
            "min": -3216.6450548171997,
            "max": -2802.684697151184,
            "count": 32
        },
        "MyBehavior.IsTraining.mean": {
            "value": 1.0,
            "min": 1.0,
            "max": 1.0,
            "count": 32
        },
        "MyBehavior.IsTraining.sum": {
            "value": 1.0,
            "min": 1.0,
            "max": 1.0,
            "count": 32
        },
        "MyBehavior.Losses.PolicyLoss.mean": {
            "value": 0.01103465784437599,
            "min": 0.01103465784437599,
            "max": 0.011298357226768243,
            "count": 3
        },
        "MyBehavior.Losses.PolicyLoss.sum": {
            "value": 0.01103465784437599,
            "min": 0.01103465784437599,
            "max": 0.011298357226768243,
            "count": 3
        },
        "MyBehavior.Losses.ValueLoss.mean": {
            "value": 1.1193521697270243,
            "min": 1.1193521697270243,
            "max": 2.0426349075216996,
            "count": 3
        },
        "MyBehavior.Losses.ValueLoss.sum": {
            "value": 1.1193521697270243,
            "min": 1.1193521697270243,
            "max": 2.0426349075216996,
            "count": 3
        },
        "MyBehavior.Policy.LearningRate.mean": {
            "value": 0.0009699951030004895,
            "min": 0.0009699951030004895,
            "max": 0.00098999850100015,
            "count": 3
        },
        "MyBehavior.Policy.LearningRate.sum": {
            "value": 0.0009699951030004895,
            "min": 0.0009699951030004895,
            "max": 0.00098999850100015,
            "count": 3
        },
        "MyBehavior.Policy.Epsilon.mean": {
            "value": 0.19699950999999996,
            "min": 0.19699950999999996,
            "max": 0.19899985000000003,
            "count": 3
        },
        "MyBehavior.Policy.Epsilon.sum": {
            "value": 0.19699950999999996,
            "min": 0.19699950999999996,
            "max": 0.19899985000000003,
            "count": 3
        },
        "MyBehavior.Policy.Beta.mean": {
            "value": 0.004850275549000002,
            "min": 0.004850275549000002,
            "max": 0.004950092515,
            "count": 3
        },
        "MyBehavior.Policy.Beta.sum": {
            "value": 0.004850275549000002,
            "min": 0.004850275549000002,
            "max": 0.004950092515,
            "count": 3
        }
    },
    "metadata": {
        "timer_format_version": "0.1.0",
        "start_time_seconds": "1713285848",
        "python_version": "3.7.16 (default, Jan 17 2023, 16:06:28) [MSC v.1916 64 bit (AMD64)]",
        "command_line_arguments": "D:\\Anaconda\\envs\\unity\\Scripts\\mlagents-learn .\\TreasureSearch.yaml --run-id=Run 5",
        "mlagents_version": "0.28.0",
        "mlagents_envs_version": "0.28.0",
        "communication_protocol_version": "1.5.0",
        "pytorch_version": "1.7.1+cu110",
        "numpy_version": "1.21.6",
        "end_time_seconds": "1713286783"
    },
    "total": 935.8657471,
    "count": 1,
    "self": 0.022059100000092258,
    "children": {
        "run_training.setup": {
            "total": 0.16395110000000002,
            "count": 1,
            "self": 0.16395110000000002
        },
        "TrainerController.start_learning": {
            "total": 935.6797369,
            "count": 1,
            "self": 1.9559170000068207,
            "children": {
                "TrainerController._reset_env": {
                    "total": 9.1998506,
                    "count": 1,
                    "self": 9.1998506
                },
                "TrainerController.advance": {
                    "total": 924.3050368999932,
                    "count": 45007,
                    "self": 1.1341500999951677,
                    "children": {
                        "env_step": {
                            "total": 923.170886799998,
                            "count": 45007,
                            "self": 823.8548022000144,
                            "children": {
                                "SubprocessEnvManager._take_step": {
                                    "total": 98.17868039999277,
                                    "count": 45007,
                                    "self": 4.108580499991319,
                                    "children": {
                                        "TorchPolicy.evaluate": {
                                            "total": 94.07009990000145,
                                            "count": 35967,
                                            "self": 12.05217169999652,
                                            "children": {
                                                "TorchPolicy.sample_actions": {
                                                    "total": 82.01792820000493,
                                                    "count": 35967,
                                                    "self": 82.01792820000493
                                                }
                                            }
                                        }
                                    }
                                },
                                "workers": {
                                    "total": 1.137404199990824,
                                    "count": 45006,
                                    "self": 0.0,
                                    "children": {
                                        "worker_root": {
                                            "total": 924.4325635000051,
                                            "count": 45006,
                                            "is_parallel": true,