{
    "name": "root",
    "gauges": {
        "MyBehavior.Policy.Entropy.mean": {
            "value": 1.4119603633880615,
            "min": 1.4119603633880615,
            "max": 1.4217201471328735,
            "count": 12
        },
        "MyBehavior.Policy.Entropy.sum": {
            "value": 28706.56640625,
            "min": 28094.978515625,
            "max": 28784.58203125,
            "count": 12
        },
        "MyBehavior.Environment.EpisodeLength.mean": {
            "value": 47.18072289156626,
            "min": 31.477272727272727,
            "max": 47.18072289156626,
            "count": 12
        },
        "MyBehavior.Environment.EpisodeLength.sum": {
            "value": 19580.0,
            "min": 19379.0,
            "max": 19580.0,
            "count": 12
        },
        "MyBehavior.Step.mean": {
            "value": 239969.0,
            "min": 19999.0,
            "max": 239969.0,
            "count": 12
        },
        "MyBehavior.Step.sum": {
            "value": 239969.0,
            "min": 19999.0,
            "max": 239969.0,
            "count": 12
        },
        "MyBehavior.Policy.ExtrinsicValueEstimate.mean": {
            "value": -0.5991142392158508,
            "min": -0.6169148087501526,
            "max": -0.04526818171143532,
            "count": 12
        },
        "MyBehavior.Policy.ExtrinsicValueEstimate.sum": {
            "value": -248.63241577148438,
            "min": -305.2847900390625,
            "max": -24.897499084472656,
            "count": 12
        },
        "MyBehavior.Environment.CumulativeReward.mean": {
            "value": -3.3918553570666945,
            "min": -3.3918553570666945,
            "max": -2.6029382067454327,
            "count": 12
        },
        "MyBehavior.Environment.CumulativeReward.sum": {
            "value": -1407.6199731826782,
            "min": -1603.4099353551865,
            "max": -1407.6199731826782,
            "count": 12
        },
        "MyBehavior.Policy.ExtrinsicReward.mean": {
            "value": -3.3918553570666945,
            "min": -3.3918553570666945,
            "max": -2.6029382067454327,
            "count": 12
        },
        "MyBehavior.Policy.ExtrinsicReward.sum": {
            "value": -1407.6199731826782,
            "min": -1603.4099353551865,
            "max": -1407.6199731826782,
            "count": 12
        },
        "MyBehavior.IsTraining.mean": {
            "value": 1.0,
            "min": 1.0,
            "max": 1.0,
            "count": 12
        },
        "MyBehavior.IsTraining.sum": {
            "value": 1.0,
            "min": 1.0,
            "max": 1.0,
            "count": 12
        },
        "MyBehavior.Losses.PolicyLoss.mean": {
            "value": 0.02540848799821156,
            "min": 0.024553209387207616,
            "max": 0.02540848799821156,
            "count": 2
        },
        "MyBehavior.Losses.PolicyLoss.sum": {
            "value": 0.02540848799821156,
            "min": 0.024553209387207616,
            "max": 0.02540848799821156,
            "count": 2
        },
        "MyBehavior.Losses.ValueLoss.mean": {
            "value": 0.010232859047904252,
            "min": 0.010232859047904252,
            "max": 0.01859076992573402,
            "count": 2
        },
        "MyBehavior.Losses.ValueLoss.sum": {
            "value": 0.010232859047904252,
            "min": 0.010232859047904252,
            "max": 0.01859076992573402,
            "count": 2
        },
        "MyBehavior.Policy.LearningRate.mean": {
            "value": 0.0007999480200052,
            "min": 0.0007999480200052,
            "max": 0.0008999870100012999,
            "count": 2
        },
        "MyBehavior.Policy.LearningRate.sum": {
            "value": 0.0007999480200052,
            "min": 0.0007999480200052,
            "max": 0.0008999870100012999,
            "count": 2
        },
        "MyBehavior.Policy.Epsilon.mean": {
            "value": 0.1799948,
            "min": 0.1799948,
            "max": 0.18999870000000005,
            "count": 2
        },
        "MyBehavior.Policy.Epsilon.sum": {
            "value": 0.1799948,
            "min": 0.1799948,
            "max": 0.18999870000000005,
            "count": 2
        },
        "MyBehavior.Policy.Beta.mean": {
            "value": 0.004001740519999999,
            "min": 0.004001740519999999,
            "max": 0.0045009351300000005,
            "count": 2
        },
        "MyBehavior.Policy.Beta.sum": {
            "value": 0.004001740519999999,
            "min": 0.004001740519999999,
            "max": 0.0045009351300000005,
            "count": 2
        }
    },
    "metadata": {
        "timer_format_version": "0.1.0",
        "start_time_seconds": "1714558265",
        "python_version": "3.7.16 (default, Jan 17 2023, 16:06:28) [MSC v.1916 64 bit (AMD64)]",
        "command_line_arguments": "D:\\Anaconda\\envs\\unity\\Scripts\\mlagents-learn TreasureSearch.yaml --run-id=Run 38",
        "mlagents_version": "0.28.0",
        "mlagents_envs_version": "0.28.0",
        "communication_protocol_version": "1.5.0",
        "pytorch_version": "1.7.1+cu110",
        "numpy_version": "1.21.6",
        "end_time_seconds": "1714559110"
    },
    "total": 844.9070290999999,
    "count": 1,
    "self": 0.009937499999978172,
    "children": {
        "run_training.setup": {
            "total": 0.15933789999999992,
            "count": 1,
            "self": 0.15933789999999992
        },
        "TrainerController.start_learning": {
            "total": 844.7377537,
            "count": 1,
            "self": 1.3312376000053519,
            "children": {
                "TrainerController._reset_env": {
                    "total": 10.2847693,
                    "count": 1,
                    "self": 10.2847693
                },
                "TrainerController.advance": {
                    "total": 832.8561499999946,
                    "count": 32403,
                    "self": 0.7266330999970023,
                    "children": {
                        "env_step": {
                            "total": 832.1295168999976,
                            "count": 32403,
                            "self": 764.4759913000007,
                            "children": {
                                "SubprocessEnvManager._take_step": {
                                    "total": 66.91819030000094,
                                    "count": 32403,
                                    "self": 2.6859854999995463,
                                    "children": {
                                        "TorchPolicy.evaluate": {
                                            "total": 64.2322048000014,
                                            "count": 27661,
                                            "self": 8.89820770000889,
                                            "children": {
                                                "TorchPolicy.sample_actions": {
                                                    "total": 55.33399709999251,
                                                    "count": 27661,
                                                    "self": 55.33399709999251
                                                }
                                            }
                                        }
                                    }
                                },
                                "workers": {
                                    "total": 0.7353352999959615,
                                    "count": 32402,
                                    "self": 0.0,
                                    "children": {
                                        "worker_root": {
                                            "total": 775.7402788000021,
                                            "count": 32402,
                                            "is_parallel": true,