{
    "name": "root",
    "gauges": {
        "MyBehavior.Policy.Entropy.mean": {
            "value": 1.422121286392212,
            "min": 1.418938159942627,
            "max": 1.4221214056015015,
            "count": 174
        },
        "MyBehavior.Policy.Entropy.sum": {
            "value": 27168.205078125,
            "min": 16116.6015625,
            "max": 39494.75,
            "count": 174
        },
        "MyBehavior.Environment.EpisodeLength.mean": {
            "value": 190.36190476190475,
            "min": 170.23076923076923,
            "max": 528.8055555555555,
            "count": 174
        },
        "MyBehavior.Environment.EpisodeLength.sum": {
            "value": 19988.0,
            "min": 12572.0,
            "max": 28093.0,
            "count": 174
        },
        "MyBehavior.Step.mean": {
            "value": 3479893.0,
            "min": 19805.0,
            "max": 3479893.0,
            "count": 174
        },
        "MyBehavior.Step.sum": {
            "value": 3479893.0,
            "min": 19805.0,
            "max": 3479893.0,
            "count": 174
        },
        "MyBehavior.Policy.ExtrinsicValueEstimate.mean": {
            "value": -0.04874268174171448,
            "min": -0.1511155515909195,
            "max": 0.021690087392926216,
            "count": 174
        },
        "MyBehavior.Policy.ExtrinsicValueEstimate.sum": {
            "value": -5.117981433868408,
            "min": -17.831634521484375,
            "max": 1.0194340944290161,
            "count": 174
        },
        "MyBehavior.Policy.CuriosityValueEstimate.mean": {
            "value": 0.11808440089225769,
            "min": -0.0055045089684426785,
            "max": 0.1463366001844406,
            "count": 174
        },
        "MyBehavior.Policy.CuriosityValueEstimate.sum": {
            "value": 12.3988618850708,
            "min": -0.2987505793571472,
            "max": 17.267719268798828,
            "count": 174
        },
        "MyBehavior.Environment.CumulativeReward.mean": {
            "value": -0.9899535400526864,
            "min": -0.9909017350255829,
            "max": -0.44406779408454894,
            "count": 174
        },
        "MyBehavior.Environment.CumulativeReward.sum": {
            "value": -103.94512170553207,
            "min": -115.08206534385681,
            "max": -17.75651091337204,
            "count": 174
        },
        "MyBehavior.Policy.ExtrinsicReward.mean": {
            "value": -0.9899535400526864,
            "min": -0.9909017350255829,
            "max": -0.44406779408454894,
            "count": 174
        },
        "MyBehavior.Policy.ExtrinsicReward.sum": {
            "value": -103.94512170553207,
            "min": -115.08206534385681,
            "max": -17.75651091337204,
            "count": 174
        },
        "MyBehavior.Policy.CuriosityReward.mean": {
            "value": 0.15699850623606748,
            "min": 0.0,
            "max": 1.305126560491044,
            "count": 174
        },
        "MyBehavior.Policy.CuriosityReward.sum": {
            "value": 16.484843154787086,
            "min": 0.0,
            "max": 56.74422459304333,
            "count": 174
        },
        "MyBehavior.IsTraining.mean": {
            "value": 1.0,
            "min": 1.0,
            "max": 1.0,
            "count": 174
        },
        "MyBehavior.IsTraining.sum": {
            "value": 1.0,
            "min": 1.0,
            "max": 1.0,
            "count": 174
        },
        "MyBehavior.Losses.PolicyLoss.mean": {
            "value": 0.01658383609226439,
            "min": 0.01658383609226439,
            "max": 0.018324372781673447,
            "count": 8
        },
        "MyBehavior.Losses.PolicyLoss.sum": {
            "value": 0.01658383609226439,
            "min": 0.01658383609226439,
            "max": 0.018324372781673447,
            "count": 8
        },
        "MyBehavior.Losses.ValueLoss.mean": {
            "value": 0.002410098090302199,
            "min": 0.002123225470422767,
            "max": 0.004870288427686319,
            "count": 8
        },
        "MyBehavior.Losses.ValueLoss.sum": {
            "value": 0.002410098090302199,
            "min": 0.002123225470422767,
            "max": 0.004870288427686319,
            "count": 8
        },
        "MyBehavior.Policy.LearningRate.mean": {
            "value": 6.721667783649998e-06,
            "min": 6.721667783649998e-06,
            "max": 9.590391096130002e-06,
            "count": 8
        },
        "MyBehavior.Policy.LearningRate.sum": {
            "value": 6.721667783649998e-06,
            "min": 6.721667783649998e-06,
            "max": 9.590391096130002e-06,
            "count": 8
        },
        "MyBehavior.Policy.Epsilon.mean": {
            "value": 0.16721634999999996,
            "min": 0.16721634999999996,
            "max": 0.19590387,
            "count": 8
        },
        "MyBehavior.Policy.Epsilon.sum": {
            "value": 0.16721634999999996,
            "min": 0.16721634999999996,
            "max": 0.19590387,
            "count": 8
        },
        "MyBehavior.Policy.Beta.mean": {
            "value": 0.0033640958650000006,
            "min": 0.0033640958650000006,
            "max": 0.004795603113,
            "count": 8
        },
        "MyBehavior.Policy.Beta.sum": {
            "value": 0.0033640958650000006,
            "min": 0.0033640958650000006,
            "max": 0.004795603113,
            "count": 8
        },
        "MyBehavior.Losses.CuriosityForwardLoss.mean": {
            "value": 0.0388802457600832,
            "min": 0.03696219052374363,
            "max": 3.114782735094428,
            "count": 8
        },
        "MyBehavior.Losses.CuriosityForwardLoss.sum": {
            "value": 0.0388802457600832,
            "min": 0.03696219052374363,
            "max": 3.114782735094428,
            "count": 8
        },
        "MyBehavior.Losses.CuriosityInverseLoss.mean": {
            "value": 1.3569403666257858,
            "min": 1.3569403666257858,
            "max": 2.007523722887039,
            "count": 8
        },
        "MyBehavior.Losses.CuriosityInverseLoss.sum": {
            "value": 1.3569403666257858,
            "min": 1.3569403666257858,
            "max": 2.007523722887039,
            "count": 8
        }
    },
    "metadata": {
        "timer_format_version": "0.1.0",
        "start_time_seconds": "1715338732",
        "python_version": "3.7.16 (default, Jan 17 2023, 16:06:28) [MSC v.1916 64 bit (AMD64)]",
        "command_line_arguments": "D:\\Anaconda\\envs\\unity\\Scripts\\mlagents-learn TreasureSearch.yaml --run-id=Run 147",
        "mlagents_version": "0.28.0",
        "mlagents_envs_version": "0.28.0",
        "communication_protocol_version": "1.5.0",
        "pytorch_version": "1.7.1+cu110",
        "numpy_version": "1.21.6",
        "end_time_seconds": "1715344646"
    },
    "total": 5914.1807409,
    "count": 1,
    "self": 0.010526200000640529,
    "children": {
        "run_training.setup": {
            "total": 0.15694319999999995,
            "count": 1,
            "self": 0.15694319999999995
        },
        "TrainerController.start_learning": {
            "total": 5914.0132715,
            "count": 1,
            "self": 8.497859900075127,
            "children": {
                "TrainerController._reset_env": {
                    "total": 16.3118695,
                    "count": 1,
                    "self": 16.3118695
                },
                "TrainerController.advance": {
                    "total": 5889.028543099925,
                    "count": 290767,
                    "self": 4.561751999998705,
                    "children": {
                        "env_step": {
                            "total": 5884.466791099926,
                            "count": 290767,
                            "self": 4409.310093199991,