{
    "name": "root",
    "gauges": {
        "MyBehavior.Policy.Entropy.mean": {
            "value": 1.4160162210464478,
            "min": 1.4160162210464478,
            "max": 1.432689905166626,
            "count": 31
        },
        "MyBehavior.Policy.Entropy.sum": {
            "value": 14120.513671875,
            "min": 14073.0302734375,
            "max": 14428.619140625,
            "count": 31
        },
        "MyBehavior.Environment.EpisodeLength.mean": {
            "value": 28.91317365269461,
            "min": 24.997402597402598,
            "max": 28.91317365269461,
            "count": 31
        },
        "MyBehavior.Environment.EpisodeLength.sum": {
            "value": 9657.0,
            "min": 9603.0,
            "max": 9670.0,
            "count": 31
        },
        "MyBehavior.Step.mean": {
            "value": 309971.0,
            "min": 9998.0,
            "max": 309971.0,
            "count": 31
        },
        "MyBehavior.Step.sum": {
            "value": 309971.0,
            "min": 9998.0,
            "max": 309971.0,
            "count": 31
        },
        "MyBehavior.Policy.ExtrinsicValueEstimate.mean": {
            "value": -0.6740466356277466,
            "min": -0.6740466356277466,
            "max": 0.06910157203674316,
            "count": 31
        },
        "MyBehavior.Policy.ExtrinsicValueEstimate.sum": {
            "value": -225.13157653808594,
            "min": -229.21514892578125,
            "max": 26.051292419433594,
            "count": 31
        },
        "MyBehavior.Environment.CumulativeReward.mean": {
            "value": -2.474640533952656,
            "min": -2.474640533952656,
            "max": -2.278960851879863,
            "count": 31
        },
        "MyBehavior.Environment.CumulativeReward.sum": {
            "value": -826.5299383401871,
            "min": -877.3999279737473,
            "max": -826.5299383401871,
            "count": 31
        },
        "MyBehavior.Policy.ExtrinsicReward.mean": {
            "value": -2.474640533952656,
            "min": -2.474640533952656,
            "max": -2.278960851879863,
            "count": 31
        },
        "MyBehavior.Policy.ExtrinsicReward.sum": {
            "value": -826.5299383401871,
            "min": -877.3999279737473,
            "max": -826.5299383401871,
            "count": 31
        },
        "MyBehavior.IsTraining.mean": {
            "value": 1.0,
            "min": 1.0,
            "max": 1.0,
            "count": 31
        },
        "MyBehavior.IsTraining.sum": {
            "value": 1.0,
            "min": 1.0,
            "max": 1.0,
            "count": 31
        },
        "MyBehavior.Losses.PolicyLoss.mean": {
            "value": 0.011441112116843118,
            "min": 0.011276047563258448,
            "max": 0.011708255286640977,
            "count": 3
        },
        "MyBehavior.Losses.PolicyLoss.sum": {
            "value": 0.011441112116843118,
            "min": 0.011276047563258448,
            "max": 0.011708255286640977,
            "count": 3
        },
        "MyBehavior.Losses.ValueLoss.mean": {
            "value": 0.00802284953993206,
            "min": 0.00802284953993206,
            "max": 0.13268008119867822,
            "count": 3
        },
        "MyBehavior.Losses.ValueLoss.sum": {
            "value": 0.00802284953993206,
            "min": 0.00802284953993206,
            "max": 0.13268008119867822,
            "count": 3
        },
        "MyBehavior.Policy.LearningRate.mean": {
            "value": 0.0009699954030004596,
            "min": 0.0009699954030004596,
            "max": 0.0009899989010001102,
            "count": 3
        },
        "MyBehavior.Policy.LearningRate.sum": {
            "value": 0.0009699954030004596,
            "min": 0.0009699954030004596,
            "max": 0.0009899989010001102,
            "count": 3
        },
        "MyBehavior.Policy.Epsilon.mean": {
            "value": 0.19699954,
            "min": 0.19699954,
            "max": 0.19899989,
            "count": 3
        },
        "MyBehavior.Policy.Epsilon.sum": {
            "value": 0.19699954,
            "min": 0.19699954,
            "max": 0.19899989,
            "count": 3
        },
        "MyBehavior.Policy.Beta.mean": {
            "value": 0.004850277046,
            "min": 0.004850277046,
            "max": 0.004950094511,
            "count": 3
        },
        "MyBehavior.Policy.Beta.sum": {
            "value": 0.004850277046,
            "min": 0.004850277046,
            "max": 0.004950094511,
            "count": 3
        }
    },
    "metadata": {
        "timer_format_version": "0.1.0",
        "start_time_seconds": "1713286831",
        "python_version": "3.7.16 (default, Jan 17 2023, 16:06:28) [MSC v.1916 64 bit (AMD64)]",
        "command_line_arguments": "D:\\Anaconda\\envs\\unity\\Scripts\\mlagents-learn .\\TreasureSearch.yaml --run-id=Run 6",
        "mlagents_version": "0.28.0",
        "mlagents_envs_version": "0.28.0",
        "communication_protocol_version": "1.5.0",
        "pytorch_version": "1.7.1+cu110",
        "numpy_version": "1.21.6",
        "end_time_seconds": "1713287762"
    },
    "total": 930.9710717,
    "count": 1,
    "self": 0.01516259999993963,
    "children": {
        "run_training.setup": {
            "total": 0.15925129999999998,
            "count": 1,
            "self": 0.15925129999999998
        },
        "TrainerController.start_learning": {
            "total": 930.7966578,
            "count": 1,
            "self": 2.0357044999971095,
            "children": {
                "TrainerController._reset_env": {
                    "total": 8.2925976,
                    "count": 1,
                    "self": 8.2925976
                },
                "TrainerController.advance": {
                    "total": 920.2333098000029,
                    "count": 43607,
                    "self": 1.1421971000033864,
                    "children": {
                        "env_step": {
                            "total": 919.0911126999995,
                            "count": 43607,
                            "self": 818.5666591999925,
                            "children": {
                                "SubprocessEnvManager._take_step": {
                                    "total": 99.38664509999313,
                                    "count": 43607,
                                    "self": 4.118313999982107,
                                    "children": {
                                        "TorchPolicy.evaluate": {
                                            "total": 95.26833110001103,
                                            "count": 34797,
                                            "self": 12.046601400012705,
                                            "children": {
                                                "TorchPolicy.sample_actions": {
                                                    "total": 83.22172969999832,
                                                    "count": 34797,
                                                    "self": 83.22172969999832
                                                }
                                            }
                                        }
                                    }
                                },
                                "workers": {
                                    "total": 1.1378084000137996,
                                    "count": 43606,
                                    "self": 0.0,
                                    "children": {
                                        "worker_root": {
                                            "total": 920.3092695999959,
                                            "count": 43606,
                                            "is_parallel": true,
                                            "self": 342.2281756000044,