{
    "name": "root",
    "metadata": {
        "timer_format_version": "0.1.0",
        "start_time_seconds": "1714677156",
        "python_version": "3.7.16 (default, Jan 17 2023, 16:06:28) [MSC v.1916 64 bit (AMD64)]",
        "command_line_arguments": "D:\\Anaconda\\envs\\unity\\Scripts\\mlagents-learn TreasureSearch.yaml --run-id=63",
        "mlagents_version": "0.28.0",
        "mlagents_envs_version": "0.28.0",
        "communication_protocol_version": "1.5.0",
        "pytorch_version": "1.7.1+cu110",
        "numpy_version": "1.21.6",
        "end_time_seconds": "1714678716"
    },
    "total": 1559.8141899,
    "count": 1,
    "self": 0.02390549999972791,
    "children": {
        "run_training.setup": {
            "total": 0.20440950000000058,
            "count": 1,
            "self": 0.20440950000000058
        },
        "TrainerController.start_learning": {
            "total": 1559.5858749000001,
            "count": 1,
            "self": 2.6378386000169485,
            "children": {
                "TrainerController._reset_env": {
                    "total": 9.693194299999998,
                    "count": 1,
                    "self": 9.693194299999998
                },
                "TrainerController.advance": {
                    "total": 1547.0129126999832,
                    "count": 70057,
                    "self": 1.452302299959456,
                    "children": {
                        "env_step": {
                            "total": 1545.5606104000237,
                            "count": 70057,
                            "self": 1368.2849512999926,
                            "children": {
                                "SubprocessEnvManager._take_step": {
                                    "total": 175.81896280003102,
                                    "count": 70057,
                                    "self": 6.280366100041334,
                                    "children": {
                                        "TorchPolicy.evaluate": {
                                            "total": 169.53859669998968,
                                            "count": 68534,
                                            "self": 19.791418099976,
                                            "children": {
                                                "TorchPolicy.sample_actions": {
                                                    "total": 149.74717860001368,
                                                    "count": 68534,
                                                    "self": 149.74717860001368
                                                }
                                            }
                                        }
                                    }
                                },
                                "workers": {
                                    "total": 1.45669630000004,
                                    "count": 70056,
                                    "self": 0.0,
                                    "children": {
                                        "worker_root": {
                                            "total": 1483.10137020003,
                                            "count": 70056,
                                            "is_parallel": true,
                                            "self": 467.87672430001874,
                                            "children": {
                                                "steps_from_proto": {
                                                    "total": 0.0009031999999997709,
                                                    "count": 1,
                                                    "is_parallel": true,
                                                    "self": 0.00019129999999734082,
                                                    "children": {
                                                        "_process_rank_one_or_two_observation": {
                                                            "total": 0.00071190000000243,
                                                            "count": 4,
                                                            "is_parallel": true,
                                                            "self": 0.00071190000000243
                                                        }
                                                    }
                                                },
                                                "UnityEnvironment.step": {
                                                    "total": 1015.2237427000113,
                                                    "count": 70056,
                                                    "is_parallel": true,
                                                    "self": 18.98333149999587,
                                                    "children": {
                                                        "UnityEnvironment._generate_step_input": {
                                                            "total": 18.912267699995006,
                                                            "count": 70056,
                                                            "is_parallel": true,
                                                            "self": 18.912267699995006
                                                        },
                                                        "communicator.exchange": {
                                                            "total": 928.74908540002,
                                                            "count": 70056,
                                                            "is_parallel": true,
                                                            "self": 928.74908540002
                                                        },
                                                        "steps_from_proto": {
                                                            "total": 48.579058100000346,
                                                            "count": 70056,
                                                            "is_parallel": true,
                                                            "self": 15.448344000005491,
                                                            "children": {
                                                                "_process_rank_one_or_two_observation": {
                                                                    "total": 33.130714099994854,
                                                                    "count": 280224,
                                                                    "is_parallel": true,
                                                                    "self": 33.130714099994854
                                                                }
                                                            }
                                                        }
                                                    }
                                                }
                                            }
                                        }
                                    }
                                }
                            }
                        }
                    }
                },
                "TrainerController._save_models": {
                    "total": 0.24192930000003798,
                    "count": 1,
                    "self": 0.02133910000020478,
                    "children": {
                        "RLTrainer._checkpoint": {
                            "total": 0.2205901999998332,
                            "count": 1,
                            "self": 0.2205901999998332
                        }
                    }
                }
            }
        }
    }
}