{
    "name": "root",
    "gauges": {
        "MyBehavior.Policy.Entropy.mean": {
            "value": 1.4192625284194946,
            "min": 1.4189382791519165,
            "max": 1.4193052053451538,
            "count": 18
        },
        "MyBehavior.Policy.Entropy.sum": {
            "value": 26687.8125,
            "min": 24184.9609375,
            "max": 33416.0859375,
            "count": 18
        },
        "MyBehavior.Environment.EpisodeLength.mean": {
            "value": 267.43243243243245,
            "min": 207.88541666666666,
            "max": 326.8965517241379,
            "count": 18
        },
        "MyBehavior.Environment.EpisodeLength.sum": {
            "value": 19790.0,
            "min": 18155.0,
            "max": 21650.0,
            "count": 18
        },
        "MyBehavior.Step.mean": {
            "value": 359785.0,
            "min": 19515.0,
            "max": 359785.0,
            "count": 18
        },
        "MyBehavior.Step.sum": {
            "value": 359785.0,
            "min": 19515.0,
            "max": 359785.0,
            "count": 18
        },
        "MyBehavior.Policy.ExtrinsicValueEstimate.mean": {
            "value": -0.01740633137524128,
            "min": -0.033867914229631424,
            "max": 0.05594794079661369,
            "count": 18
        },
        "MyBehavior.Policy.ExtrinsicValueEstimate.sum": {
            "value": -1.3402875661849976,
            "min": -2.709433078765869,
            "max": 5.371002197265625,
            "count": 18
        },
        "MyBehavior.Environment.CumulativeReward.mean": {
            "value": -0.9743902175813108,
            "min": -0.9797026614348093,
            "max": -0.8786289542913437,
            "count": 18
        },
        "MyBehavior.Environment.CumulativeReward.sum": {
            "value": -72.104876101017,
            "min": -94.0514554977417,
            "max": -56.232253074645996,
            "count": 18
        },
        "MyBehavior.Policy.ExtrinsicReward.mean": {
            "value": -0.9743902175813108,
            "min": -0.9797026614348093,
            "max": -0.8786289542913437,
            "count": 18
        },
        "MyBehavior.Policy.ExtrinsicReward.sum": {
            "value": -72.104876101017,
            "min": -94.0514554977417,
            "max": -56.232253074645996,
            "count": 18
        },
        "MyBehavior.IsTraining.mean": {
            "value": 1.0,
            "min": 1.0,
            "max": 1.0,
            "count": 18
        },
        "MyBehavior.IsTraining.sum": {
            "value": 1.0,
            "min": 1.0,
            "max": 1.0,
            "count": 18
        },
        "MyBehavior.Losses.PolicyLoss.mean": {
            "value": 0.013717448166183506,
            "min": 0.013018559985923477,
            "max": 0.014304881629585806,
            "count": 3
        },
        "MyBehavior.Losses.PolicyLoss.sum": {
            "value": 0.013717448166183506,
            "min": 0.013018559985923477,
            "max": 0.014304881629585806,
            "count": 3
        },
        "MyBehavior.Losses.ValueLoss.mean": {
            "value": 0.018260849143067994,
            "min": 0.018260849143067994,
            "max": 0.029230118832654424,
            "count": 3
        },
        "MyBehavior.Losses.ValueLoss.sum": {
            "value": 0.018260849143067994,
            "min": 0.018260849143067994,
            "max": 0.029230118832654424,
            "count": 3
        },
        "MyBehavior.Policy.LearningRate.mean": {
            "value": 9.722989770130002e-06,
            "min": 9.722989770130002e-06,
            "max": 9.907511924890001e-06,
            "count": 3
        },
        "MyBehavior.Policy.LearningRate.sum": {
            "value": 9.722989770130002e-06,
            "min": 9.722989770130002e-06,
            "max": 9.907511924890001e-06,
            "count": 3
        },
        "MyBehavior.Policy.Epsilon.mean": {
            "value": 0.19722987,
            "min": 0.19722987,
            "max": 0.19907510999999994,
            "count": 3
        },
        "MyBehavior.Policy.Epsilon.sum": {
            "value": 0.19722987,
            "min": 0.19722987,
            "max": 0.19907510999999994,
            "count": 3
        },
        "MyBehavior.Policy.Beta.mean": {
            "value": 0.004861770512999999,
            "min": 0.004861770512999999,
            "max": 0.004953847988999999,
            "count": 3
        },
        "MyBehavior.Policy.Beta.sum": {
            "value": 0.004861770512999999,
            "min": 0.004861770512999999,
            "max": 0.004953847988999999,
            "count": 3
        }
    },
    "metadata": {
        "timer_format_version": "0.1.0",
        "start_time_seconds": "1715582924",
        "python_version": "3.7.16 (default, Jan 17 2023, 16:06:28) [MSC v.1916 64 bit (AMD64)]",
        "command_line_arguments": "D:\\Anaconda\\envs\\unity\\Scripts\\mlagents-learn TreasureSearch.yaml --run-id=Run 173",
        "mlagents_version": "0.28.0",
        "mlagents_envs_version": "0.28.0",
        "communication_protocol_version": "1.5.0",
        "pytorch_version": "1.7.1+cu110",
        "numpy_version": "1.21.6",
        "end_time_seconds": "1715583379"
    },
    "total": 454.7400313,
    "count": 1,
    "self": 0.007682900000020254,
    "children": {
        "run_training.setup": {
            "total": 0.1277159000000001,
            "count": 1,
            "self": 0.1277159000000001
        },
        "TrainerController.start_learning": {
            "total": 454.6046325,
            "count": 1,
            "self": 0.7964090999985842,
            "children": {
                "TrainerController._reset_env": {
                    "total": 11.527187300000001,
                    "count": 1,
                    "self": 11.527187300000001
                },
                "TrainerController.advance": {
                    "total": 442.1391906000014,
                    "count": 30636,
                    "self": 0.4324797000007834,
                    "children": {
                        "env_step": {
                            "total": 441.70671090000064,
                            "count": 30636,
                            "self": 278.8044805000028,
                            "children": {
                                "SubprocessEnvManager._take_step": {
                                    "total": 162.48523660000106,
                                    "count": 30636,
                                    "self": 2.2409699000074,
                                    "children": {
                                        "TorchPolicy.evaluate": {
                                            "total": 160.24426669999366,
                                            "count": 30636,
                                            "self": 52.399146799995734,
                                            "children": {
                                                "TorchPolicy.sample_actions": {
                                                    "total": 107.84511989999793,
                                                    "count": 30636,
                                                    "self": 107.84511989999793
                                                }
                                            }
                                        }
                                    }
                                },
                                "workers": {
                                    "total": 0.4169937999968045,
                                    "count": 30635,
                                    "self": 0.0,
                                    "children": {
                                        "worker_root": {
                                            "total": 444.1779753999993,
                                            "count": 30635,
                                            "is_parallel": true,