{
    "name": "root",
    "gauges": {
        "MyBehavior.Policy.Entropy.mean": {
            "value": 1.4224244356155396,
            "min": 1.4189382791519165,
            "max": 1.4224244356155396,
            "count": 55
        },
        "MyBehavior.Policy.Entropy.sum": {
            "value": 28539.5234375,
            "min": 21441.58203125,
            "max": 35633.34765625,
            "count": 55
        },
        "MyBehavior.Environment.EpisodeLength.mean": {
            "value": 251.87179487179486,
            "min": 176.30701754385964,
            "max": 416.7659574468085,
            "count": 55
        },
        "MyBehavior.Environment.EpisodeLength.sum": {
            "value": 19646.0,
            "min": 16087.0,
            "max": 23486.0,
            "count": 55
        },
        "MyBehavior.Step.mean": {
            "value": 1099762.0,
            "min": 19657.0,
            "max": 1099762.0,
            "count": 55
        },
        "MyBehavior.Step.sum": {
            "value": 1099762.0,
            "min": 19657.0,
            "max": 1099762.0,
            "count": 55
        },
        "MyBehavior.Policy.ExtrinsicValueEstimate.mean": {
            "value": -0.048547159880399704,
            "min": -0.10573373734951019,
            "max": 0.08494758605957031,
            "count": 55
        },
        "MyBehavior.Policy.ExtrinsicValueEstimate.sum": {
            "value": -3.8352255821228027,
            "min": -11.207776069641113,
            "max": 5.4366455078125,
            "count": 55
        },
        "MyBehavior.Policy.CuriosityValueEstimate.mean": {
            "value": 0.5093162059783936,
            "min": 0.08076805621385574,
            "max": 0.6142926812171936,
            "count": 55
        },
        "MyBehavior.Policy.CuriosityValueEstimate.sum": {
            "value": 40.23598098754883,
            "min": 4.955727577209473,
            "max": 64.31731414794922,
            "count": 55
        },
        "MyBehavior.Environment.CumulativeReward.mean": {
            "value": -0.9772787463815906,
            "min": -0.9838329339236543,
            "max": -0.8979789576631911,
            "count": 55
        },
        "MyBehavior.Environment.CumulativeReward.sum": {
            "value": -77.20502096414566,
            "min": -112.1569544672966,
            "max": -42.20501101016998,
            "count": 55
        },
        "MyBehavior.Policy.ExtrinsicReward.mean": {
            "value": -0.9772787463815906,
            "min": -0.9838329339236543,
            "max": -0.8979789576631911,
            "count": 55
        },
        "MyBehavior.Policy.ExtrinsicReward.sum": {
            "value": -77.20502096414566,
            "min": -112.1569544672966,
            "max": -42.20501101016998,
            "count": 55
        },
        "MyBehavior.Policy.CuriosityReward.mean": {
            "value": 0.7801175151297327,
            "min": 0.0,
            "max": 38.48037087739404,
            "count": 55
        },
        "MyBehavior.Policy.CuriosityReward.sum": {
            "value": 61.62928369524889,
            "min": 0.0,
            "max": 2578.1848487854004,
            "count": 55
        },
        "MyBehavior.IsTraining.mean": {
            "value": 1.0,
            "min": 1.0,
            "max": 1.0,
            "count": 55
        },
        "MyBehavior.IsTraining.sum": {
            "value": 1.0,
            "min": 1.0,
            "max": 1.0,
            "count": 55
        },
        "MyBehavior.Losses.PolicyLoss.mean": {
            "value": 0.01926109877725442,
            "min": 0.014599669173670312,
            "max": 0.022386741766240448,
            "count": 26
        },
        "MyBehavior.Losses.PolicyLoss.sum": {
            "value": 0.01926109877725442,
            "min": 0.014599669173670312,
            "max": 0.022386741766240448,
            "count": 26
        },
        "MyBehavior.Losses.ValueLoss.mean": {
            "value": 0.008860076467196146,
            "min": 0.008108556914764146,
            "max": 2.9476408839225767,
            "count": 26
        },
        "MyBehavior.Losses.ValueLoss.sum": {
            "value": 0.008860076467196146,
            "min": 0.008108556914764146,
            "max": 2.9476408839225767,
            "count": 26
        },
        "MyBehavior.Policy.LearningRate.mean": {
            "value": 8.928823711870004e-06,
            "min": 8.928823711870004e-06,
            "max": 9.95847341527e-06,
            "count": 26
        },
        "MyBehavior.Policy.LearningRate.sum": {
            "value": 8.928823711870004e-06,
            "min": 8.928823711870004e-06,
            "max": 9.95847341527e-06,
            "count": 26
        },
        "MyBehavior.Policy.Epsilon.mean": {
            "value": 0.18928812999999997,
            "min": 0.18928812999999997,
            "max": 0.19958473000000002,
            "count": 26
        },
        "MyBehavior.Policy.Epsilon.sum": {
            "value": 0.18928812999999997,
            "min": 0.18928812999999997,
            "max": 0.19958473000000002,
            "count": 26
        },
        "MyBehavior.Policy.Beta.mean": {
            "value": 0.004465477687,
            "min": 0.004465477687,
            "max": 0.004979278026999999,
            "count": 26
        },
        "MyBehavior.Policy.Beta.sum": {
            "value": 0.004465477687,
            "min": 0.004465477687,
            "max": 0.004979278026999999,
            "count": 26
        },
        "MyBehavior.Losses.CuriosityForwardLoss.mean": {
            "value": 0.07731769693394502,
            "min": 0.07731769693394502,
            "max": 47.00527564287186,
            "count": 26
        },
        "MyBehavior.Losses.CuriosityForwardLoss.sum": {
            "value": 0.07731769693394502,
            "min": 0.07731769693394502,
            "max": 47.00527564287186,
            "count": 26
        },
        "MyBehavior.Losses.CuriosityInverseLoss.mean": {
            "value": 1.9319265325864157,
            "min": 1.9286310851573945,
            "max": 2.247192056973775,
            "count": 26
        },
        "MyBehavior.Losses.CuriosityInverseLoss.sum": {
            "value": 1.9319265325864157,
            "min": 1.9286310851573945,
            "max": 2.247192056973775,
            "count": 26
        }
    },
    "metadata": {
        "timer_format_version": "0.1.0",
        "start_time_seconds": "1715363748",
        "python_version": "3.7.16 (default, Jan 17 2023, 16:06:28) [MSC v.1916 64 bit (AMD64)]",
        "command_line_arguments": "D:\\Anaconda\\envs\\unity\\Scripts\\mlagents-learn TreasureSearch.yaml --run-id=Run 155",
        "mlagents_version": "0.28.0",
        "mlagents_envs_version": "0.28.0",
        "communication_protocol_version": "1.5.0",
        "pytorch_version": "1.7.1+cu110",
        "numpy_version": "1.21.6",
        "end_time_seconds": "1715365720"
    },
    "total": 1971.4343908,
    "count": 1,
    "self": 0.007927399999971385,
    "children": {
        "run_training.setup": {
            "total": 0.15300920000000007,
            "count": 1,
            "self": 0.15300920000000007
        },
        "TrainerController.start_learning": {
            "total": 1971.2734542,
            "count": 1,
            "self": 4.349251400014282,
            "children": {
                "TrainerController._reset_env": {
                    "total": 26.6674158,
                    "count": 1,
                    "self": 26.6674158
                },
                "TrainerController.advance": {
                    "total": 1938.3537015999857,
                    "count": 92917,
                    "self": 1.795601899988469,
                    "children": {
                        "env_step": {
                            "total": 1936.5580996999972,
                            "count": 92917,
                            "self": 1230.3714618000247,