{
    "name": "root",
    "gauges": {
        "MyBehavior.Policy.Entropy.mean": {
            "value": 1.4201793670654297,
            "min": 1.4189382791519165,
            "max": 1.4207251071929932,
            "count": 53
        },
        "MyBehavior.Policy.Entropy.sum": {
            "value": 28698.984375,
            "min": 19364.66796875,
            "max": 39262.21875,
            "count": 53
        },
        "MyBehavior.Environment.EpisodeLength.mean": {
            "value": 282.57142857142856,
            "min": 208.36170212765958,
            "max": 446.95454545454544,
            "count": 53
        },
        "MyBehavior.Environment.EpisodeLength.sum": {
            "value": 19780.0,
            "min": 12783.0,
            "max": 27102.0,
            "count": 53
        },
        "MyBehavior.Step.mean": {
            "value": 1059843.0,
            "min": 19857.0,
            "max": 1059843.0,
            "count": 53
        },
        "MyBehavior.Step.sum": {
            "value": 1059843.0,
            "min": 19857.0,
            "max": 1059843.0,
            "count": 53
        },
        "MyBehavior.Policy.ExtrinsicValueEstimate.mean": {
            "value": -0.07745839655399323,
            "min": -0.1211276650428772,
            "max": 0.04094621166586876,
            "count": 53
        },
        "MyBehavior.Policy.ExtrinsicValueEstimate.sum": {
            "value": -5.577004432678223,
            "min": -11.386000633239746,
            "max": 2.9481585025787354,
            "count": 53
        },
        "MyBehavior.Policy.CuriosityValueEstimate.mean": {
            "value": 0.3947128653526306,
            "min": -0.07537274807691574,
            "max": 0.46891579031944275,
            "count": 53
        },
        "MyBehavior.Policy.CuriosityValueEstimate.sum": {
            "value": 28.419326782226562,
            "min": -5.873235702514648,
            "max": 39.22804641723633,
            "count": 53
        },
        "MyBehavior.Environment.CumulativeReward.mean": {
            "value": -0.9332948429243905,
            "min": -0.9810101043793463,
            "max": -0.8313120863130016,
            "count": 53
        },
        "MyBehavior.Environment.CumulativeReward.sum": {
            "value": -65.33063900470734,
            "min": -93.17421197891235,
            "max": -39.41062521934509,
            "count": 53
        },
        "MyBehavior.Policy.ExtrinsicReward.mean": {
            "value": -0.9332948429243905,
            "min": -0.9810101043793463,
            "max": -0.8313120863130016,
            "count": 53
        },
        "MyBehavior.Policy.ExtrinsicReward.sum": {
            "value": -65.33063900470734,
            "min": -93.17421197891235,
            "max": -39.41062521934509,
            "count": 53
        },
        "MyBehavior.Policy.CuriosityReward.mean": {
            "value": 0.7287468932269673,
            "min": 0.0,
            "max": 5.920636806121239,
            "count": 53
        },
        "MyBehavior.Policy.CuriosityReward.sum": {
            "value": 51.01228252588771,
            "min": 0.0,
            "max": 384.84139239788055,
            "count": 53
        },
        "MyBehavior.IsTraining.mean": {
            "value": 1.0,
            "min": 1.0,
            "max": 1.0,
            "count": 53
        },
        "MyBehavior.IsTraining.sum": {
            "value": 1.0,
            "min": 1.0,
            "max": 1.0,
            "count": 53
        },
        "MyBehavior.Losses.PolicyLoss.mean": {
            "value": 0.016102176742861046,
            "min": 0.016102176742861046,
            "max": 0.019727089455118405,
            "count": 10
        },
        "MyBehavior.Losses.PolicyLoss.sum": {
            "value": 0.016102176742861046,
            "min": 0.016102176742861046,
            "max": 0.019727089455118405,
            "count": 10
        },
        "MyBehavior.Losses.ValueLoss.mean": {
            "value": 0.002644060197635554,
            "min": 0.002644060197635554,
            "max": 0.01042134955059737,
            "count": 10
        },
        "MyBehavior.Losses.ValueLoss.sum": {
            "value": 0.002644060197635554,
            "min": 0.002644060197635554,
            "max": 0.01042134955059737,
            "count": 10
        },
        "MyBehavior.Policy.LearningRate.mean": {
            "value": 8.97340426606e-06,
            "min": 8.97340426606e-06,
            "max": 9.89702602975e-06,
            "count": 10
        },
        "MyBehavior.Policy.LearningRate.sum": {
            "value": 8.97340426606e-06,
            "min": 8.97340426606e-06,
            "max": 9.89702602975e-06,
            "count": 10
        },
        "MyBehavior.Policy.Epsilon.mean": {
            "value": 0.18973394000000002,
            "min": 0.18973394000000002,
            "max": 0.19897025,
            "count": 10
        },
        "MyBehavior.Policy.Epsilon.sum": {
            "value": 0.18973394000000002,
            "min": 0.18973394000000002,
            "max": 0.19897025,
            "count": 10
        },
        "MyBehavior.Policy.Beta.mean": {
            "value": 0.004487723606,
            "min": 0.004487723606,
            "max": 0.004948615475,
            "count": 10
        },
        "MyBehavior.Policy.Beta.sum": {
            "value": 0.004487723606,
            "min": 0.004487723606,
            "max": 0.004948615475,
            "count": 10
        },
        "MyBehavior.Losses.CuriosityForwardLoss.mean": {
            "value": 0.10289411809295416,
            "min": 0.10289411809295416,
            "max": 24.283276709616185,
            "count": 10
        },
        "MyBehavior.Losses.CuriosityForwardLoss.sum": {
            "value": 0.10289411809295416,
            "min": 0.10289411809295416,
            "max": 24.283276709616185,
            "count": 10
        },
        "MyBehavior.Losses.CuriosityInverseLoss.mean": {
            "value": 1.9847903901338577,
            "min": 1.9847903901338577,
            "max": 2.0587699872255327,
            "count": 10
        },
        "MyBehavior.Losses.CuriosityInverseLoss.sum": {
            "value": 1.9847903901338577,
            "min": 1.9847903901338577,
            "max": 2.0587699872255327,
            "count": 10
        }
    },
    "metadata": {
        "timer_format_version": "0.1.0",
        "start_time_seconds": "1715347432",
        "python_version": "3.7.16 (default, Jan 17 2023, 16:06:28) [MSC v.1916 64 bit (AMD64)]",
        "command_line_arguments": "D:\\Anaconda\\envs\\unity\\Scripts\\mlagents-learn TreasureSearch.yaml --run-id=Run 150",
        "mlagents_version": "0.28.0",
        "mlagents_envs_version": "0.28.0",
        "communication_protocol_version": "1.5.0",
        "pytorch_version": "1.7.1+cu110",
        "numpy_version": "1.21.6",
        "end_time_seconds": "1715348987"
    },
    "total": 1555.3746720000001,
    "count": 1,
    "self": 0.00854690000028313,
    "children": {
        "run_training.setup": {
            "total": 0.1274023999999998,
            "count": 1,
            "self": 0.1274023999999998
        },
        "TrainerController.start_learning": {
            "total": 1555.2387227,
            "count": 1,
            "self": 2.363848999969605,
            "children": {
                "TrainerController._reset_env": {
                    "total": 14.480794900000001,
                    "count": 1,
                    "self": 14.480794900000001
                },
                "TrainerController.advance": {
                    "total": 1538.2001879000304,
                    "count": 89306,
                    "self": 1.298635700038858,
                    "children": {
                        "env_step": {
                            "total": 1536.9015521999916,
                            "count": 89306,
                            "self": 1098.8169079000288,