{"count":1,"self":1092.1143296,"total":6000.5147308999994,"children":{"InitializeActuators":{"count":12,"self":0.0019992,"total":0.0019992,"children":null},"InitializeSensors":{"count":12,"self":0.0020031,"total":0.0020031,"children":null},"AgentSendState":{"count":364567,"self":346.4085248,"total":465.3170861,"children":{"CollectObservations":{"count":4374804,"self":13.2469512,"total":13.246951,"children":null},"WriteActionMask":{"count":4374804,"self":3.8779928,"total":3.8779926,"children":null},"RequestDecision":{"count":4374804,"self":15.401344,"total":101.783614,"children":{"AgentInfo.ToProto":{"count":4374804,"self":12.9370832,"total":86.3822703,"children":{"GenerateSensorData":{"count":4374804,"self":52.936496,"total":73.445187199999992,"children":{"RayPerceptionSensor.Perceive":{"count":4374804,"self":20.508691199999998,"total":20.5086911,"children":null}}}}}}}}},"DecideAction":{"count":364567,"self":4421.5762944,"total":4421.5762527,"children":null},"AgentAct":{"count":364567,"self":21.143856,"total":21.1473898,"children":{"AgentInfo.ToProto":{"count":113,"self":0.0010092,"total":0.0035329999999999997,"children":{"GenerateSensorData":{"count":113,"self":0.002005,"total":0.0025238,"children":{"RayPerceptionSensor.Perceive":{"count":113,"self":0.00051879999999999993,"total":0.00051879999999999993,"children":null}}}}}}},"AgentInfo.ToProto":{"count":9935,"self":0.08445939999999999,"total":0.35465599999999997,"children":{"GenerateSensorData":{"count":9935,"self":0.19984849999999998,"total":0.2701966,"children":{"RayPerceptionSensor.Perceive":{"count":9935,"self":0.0703481,"total":0.0703481,"children":null}}}}}},"gauges":{"MyBehavior.CumulativeReward":{"count":10048,"max":2,"min":-2.000238,"runningAverage":-0.8871448,"value":-0.923903048,"weightedAverage":-0.9820382}},"metadata":{"timer_format_version":"0.1.0","start_time_seconds":"1715583994","unity_version":"2022.3.23f1","command_line_arguments":"C:\\Program Files\\Unity\\Hub\\Editor\\2022.3.23f1\\Editor\\Unity.exe -projectpath D:\\egyetem\\3\\Reinf_Learn\\Project\\Project -useHub -hubIPC -cloudEnvironment production -licensingIpc LicenseClient-varad -hubSessionId 0aa2513d-1147-412e-94a2-8f602d0f91d8 -accessToken FEE4g4nesEaLVh-AQnMtroONqLjTpcVda0Gtv1wr5kY007f","communication_protocol_version":"1.5.0","com.unity.ml-agents_version":"2.0.1","scene_name":"learn","end_time_seconds":"1715589995"}}