{
    "name": "root",
    "metadata": {
        "timer_format_version": "0.1.0",
        "start_time_seconds": "1713281451",
        "python_version": "3.7.16 (default, Jan 17 2023, 16:06:28) [MSC v.1916 64 bit (AMD64)]",
        "command_line_arguments": "D:\\Anaconda\\envs\\unity\\Scripts\\mlagents-learn .\\TreasureSearch.yaml --run-id=Run 4",
        "mlagents_version": "0.28.0",
        "mlagents_envs_version": "0.28.0",
        "communication_protocol_version": "1.5.0",
        "pytorch_version": "1.7.1+cu110",
        "numpy_version": "1.21.6",
        "end_time_seconds": "1713281774"
    },
    "total": 323.0662727,
    "count": 1,
    "self": 0.07355470000004516,
    "children": {
        "run_training.setup": {
            "total": 0.12720849999999984,
            "count": 1,
            "self": 0.12720849999999984
        },
        "TrainerController.start_learning": {
            "total": 322.8655095,
            "count": 1,
            "self": 0.7346250000002783,
            "children": {
                "TrainerController._reset_env": {
                    "total": 15.7404868,
                    "count": 1,
                    "self": 15.7404868
                },
                "TrainerController.advance": {
                    "total": 306.2498780999997,
                    "count": 16929,
                    "self": 0.4032548999995811,
                    "children": {
                        "env_step": {
                            "total": 305.8466232000001,
                            "count": 16929,
                            "self": 274.8557963000029,
                            "children": {
                                "SubprocessEnvManager._take_step": {
                                    "total": 30.584883499999897,
                                    "count": 16929,
                                    "self": 1.3393529000013444,
                                    "children": {
                                        "TorchPolicy.evaluate": {
                                            "total": 29.245530599998553,
                                            "count": 12574,
                                            "self": 4.17406419999438,
                                            "children": {
                                                "TorchPolicy.sample_actions": {
                                                    "total": 25.071466400004173,
                                                    "count": 12574,
                                                    "self": 25.071466400004173
                                                }
                                            }
                                        }
                                    }
                                },
                                "workers": {
                                    "total": 0.4059433999973372,
                                    "count": 16928,
                                    "self": 0.0,
                                    "children": {
                                        "worker_root": {
                                            "total": 302.89139190000213,
                                            "count": 16928,
                                            "is_parallel": true,
                                            "self": 82.94932010000403,
                                            "children": {
                                                "steps_from_proto": {
                                                    "total": 0.001113399999999487,
                                                    "count": 1,
                                                    "is_parallel": true,
                                                    "self": 0.0003188999999998998,
                                                    "children": {
                                                        "_process_rank_one_or_two_observation": {
                                                            "total": 0.0007944999999995872,
                                                            "count": 2,
                                                            "is_parallel": true,
                                                            "self": 0.0007944999999995872
                                                        }
                                                    }
                                                },
                                                "UnityEnvironment.step": {
                                                    "total": 219.9409583999981,
                                                    "count": 16928,
                                                    "is_parallel": true,
                                                    "self": 3.0327467999990745,
                                                    "children": {
                                                        "UnityEnvironment._generate_step_input": {
                                                            "total": 4.184206899999435,
                                                            "count": 16928,
                                                            "is_parallel": true,
                                                            "self": 4.184206899999435
                                                        },
                                                        "communicator.exchange": {
                                                            "total": 205.49550090000014,
                                                            "count": 16928,
                                                            "is_parallel": true,
                                                            "self": 205.49550090000014
                                                        },
                                                        "steps_from_proto": {
                                                            "total": 7.22850379999946,
                                                            "count": 16928,
                                                            "is_parallel": true,
                                                            "self": 3.7983382999975444,
                                                            "children": {
                                                                "_process_rank_one_or_two_observation": {
                                                                    "total": 3.430165500001916,
                                                                    "count": 33856,
                                                                    "is_parallel": true,
                                                                    "self": 3.430165500001916
                                                                }
                                                            }
                                                        }
                                                    }
                                                }
                                            }
                                        }
                                    }
                                }
                            }
                        }
                    }
                },
                "TrainerController._save_models": {
                    "total": 0.14051960000000463,
                    "count": 1,
                    "self": 0.02352089999999407,
                    "children": {
                        "RLTrainer._checkpoint": {
                            "total": 0.11699870000001056,
                            "count": 1,
                            "self": 0.11699870000001056
                        }
                    }
                }
            }
        }
    }
}