{
    "name": "root",
    "metadata": {
        "timer_format_version": "0.1.0",
        "start_time_seconds": "1714478105",
        "python_version": "3.7.16 (default, Jan 17 2023, 16:06:28) [MSC v.1916 64 bit (AMD64)]",
        "command_line_arguments": "D:\\Anaconda\\envs\\unity\\Scripts\\mlagents-learn TreasureSearch.yaml --run-id=Run 30",
        "mlagents_version": "0.28.0",
        "mlagents_envs_version": "0.28.0",
        "communication_protocol_version": "1.5.0",
        "pytorch_version": "1.7.1+cu110",
        "numpy_version": "1.21.6",
        "end_time_seconds": "1714479110"
    },
    "total": 1005.7547436,
    "count": 1,
    "self": 0.010702699999910692,
    "children": {
        "run_training.setup": {
            "total": 0.12580360000000002,
            "count": 1,
            "self": 0.12580360000000002
        },
        "TrainerController.start_learning": {
            "total": 1005.6182373,
            "count": 1,
            "self": 1.2312794000009717,
            "children": {
                "TrainerController._reset_env": {
                    "total": 14.7299581,
                    "count": 1,
                    "self": 14.7299581
                },
                "TrainerController.advance": {
                    "total": 989.4815623999991,
                    "count": 27888,
                    "self": 0.6773050999910311,
                    "children": {
                        "env_step": {
                            "total": 988.8042573000081,
                            "count": 27888,
                            "self": 887.1637862000085,
                            "children": {
                                "SubprocessEnvManager._take_step": {
                                    "total": 100.93867379999557,
                                    "count": 27888,
                                    "self": 2.8219619000051495,
                                    "children": {
                                        "TorchPolicy.evaluate": {
                                            "total": 98.11671189999042,
                                            "count": 25987,
                                            "self": 10.558105399986843,
                                            "children": {
                                                "TorchPolicy.sample_actions": {
                                                    "total": 87.55860650000358,
                                                    "count": 25987,
                                                    "self": 87.55860650000358
                                                }
                                            }
                                        }
                                    }
                                },
                                "workers": {
                                    "total": 0.7017973000039959,
                                    "count": 27887,
                                    "self": 0.0,
                                    "children": {
                                        "worker_root": {
                                            "total": 926.6293275999947,
                                            "count": 27887,
                                            "is_parallel": true,
                                            "self": 176.79040179999174,
                                            "children": {
                                                "steps_from_proto": {
                                                    "total": 0.0018451999999999913,
                                                    "count": 1,
                                                    "is_parallel": true,
                                                    "self": 0.0006392000000019493,
                                                    "children": {
                                                        "_process_rank_one_or_two_observation": {
                                                            "total": 0.001205999999998042,
                                                            "count": 4,
                                                            "is_parallel": true,
                                                            "self": 0.001205999999998042
                                                        }
                                                    }
                                                },
                                                "UnityEnvironment.step": {
                                                    "total": 749.8370806000029,
                                                    "count": 27887,
                                                    "is_parallel": true,
                                                    "self": 7.746742499999982,
                                                    "children": {
                                                        "UnityEnvironment._generate_step_input": {
                                                            "total": 8.269657100007542,
                                                            "count": 27887,
                                                            "is_parallel": true,
                                                            "self": 8.269657100007542
                                                        },
                                                        "communicator.exchange": {
                                                            "total": 713.8936227000015,
                                                            "count": 27887,
                                                            "is_parallel": true,
                                                            "self": 713.8936227000015
                                                        },
                                                        "steps_from_proto": {
                                                            "total": 19.92705829999385,
                                                            "count": 27887,
                                                            "is_parallel": true,
                                                            "self": 7.049132699992528,
                                                            "children": {
                                                                "_process_rank_one_or_two_observation": {
                                                                    "total": 12.877925600001321,
                                                                    "count": 111548,
                                                                    "is_parallel": true,
                                                                    "self": 12.877925600001321
                                                                }
                                                            }
                                                        }
                                                    }
                                                }
                                            }
                                        }
                                    }
                                }
                            }
                        }
                    }
                },
                "TrainerController._save_models": {
                    "total": 0.17543739999996433,
                    "count": 1,
                    "self": 0.02461099999993621,
                    "children": {
                        "RLTrainer._checkpoint": {
                            "total": 0.15082640000002812,
                            "count": 1,
                            "self": 0.15082640000002812
                        }
                    }
                }
            }
        }
    }
}