{
    "name": "root",
    "metadata": {
        "timer_format_version": "0.1.0",
        "start_time_seconds": "1714651631",
        "python_version": "3.7.16 (default, Jan 17 2023, 16:06:28) [MSC v.1916 64 bit (AMD64)]",
        "command_line_arguments": "D:\\Anaconda\\envs\\unity\\Scripts\\mlagents-learn TreasureSearch.yaml --run-id=Run 59",
        "mlagents_version": "0.28.0",
        "mlagents_envs_version": "0.28.0",
        "communication_protocol_version": "1.5.0",
        "pytorch_version": "1.7.1+cu110",
        "numpy_version": "1.21.6",
        "end_time_seconds": "1714656356"
    },
    "total": 4725.0295641,
    "count": 1,
    "self": 0.039215100000546954,
    "children": {
        "run_training.setup": {
            "total": 0.21446260000000006,
            "count": 1,
            "self": 0.21446260000000006
        },
        "TrainerController.start_learning": {
            "total": 4724.7758864,
            "count": 1,
            "self": 7.560128999983135,
            "children": {
                "TrainerController._reset_env": {
                    "total": 21.363305699999998,
                    "count": 1,
                    "self": 21.363305699999998
                },
                "TrainerController.advance": {
                    "total": 4695.656205800017,
                    "count": 272924,
                    "self": 4.050306999994973,
                    "children": {
                        "env_step": {
                            "total": 4691.605898800022,
                            "count": 272924,
                            "self": 3225.6341630001807,
                            "children": {
                                "SubprocessEnvManager._take_step": {
                                    "total": 1462.1708322999546,
                                    "count": 272924,
                                    "self": 20.14030400000547,
                                    "children": {
                                        "TorchPolicy.evaluate": {
                                            "total": 1442.030528299949,
                                            "count": 268992,
                                            "self": 517.5549557999691,
                                            "children": {
                                                "TorchPolicy.sample_actions": {
                                                    "total": 924.47557249998,
                                                    "count": 268992,
                                                    "self": 924.47557249998
                                                }
                                            }
                                        }
                                    }
                                },
                                "workers": {
                                    "total": 3.8009034998869957,
                                    "count": 272923,
                                    "self": 0.0,
                                    "children": {
                                        "worker_root": {
                                            "total": 4628.089588799859,
                                            "count": 272923,
                                            "is_parallel": true,
                                            "self": 1925.021739399871,
                                            "children": {
                                                "steps_from_proto": {
                                                    "total": 0.0013567000000005436,
                                                    "count": 1,
                                                    "is_parallel": true,
                                                    "self": 0.0003083999999997644,
                                                    "children": {
                                                        "_process_rank_one_or_two_observation": {
                                                            "total": 0.0010483000000007792,
                                                            "count": 4,
                                                            "is_parallel": true,
                                                            "self": 0.0010483000000007792
                                                        }
                                                    }
                                                },
                                                "UnityEnvironment.step": {
                                                    "total": 2703.0664926999875,
                                                    "count": 272923,
                                                    "is_parallel": true,
                                                    "self": 46.413471000007576,
                                                    "children": {
                                                        "UnityEnvironment._generate_step_input": {
                                                            "total": 48.522553000023095,
                                                            "count": 272923,
                                                            "is_parallel": true,
                                                            "self": 48.522553000023095
                                                        },
                                                        "communicator.exchange": {
                                                            "total": 2488.6341453999667,
                                                            "count": 272923,
                                                            "is_parallel": true,
                                                            "self": 2488.6341453999667
                                                        },
                                                        "steps_from_proto": {
                                                            "total": 119.49632329999046,
                                                            "count": 272923,
                                                            "is_parallel": true,
                                                            "self": 38.7801652998608,
                                                            "children": {
                                                                "_process_rank_one_or_two_observation": {
                                                                    "total": 80.71615800012967,
                                                                    "count": 1091692,
                                                                    "is_parallel": true,
                                                                    "self": 80.71615800012967
                                                                }
                                                            }
                                                        }
                                                    }
                                                }
                                            }
                                        }
                                    }
                                }
                            }
                        }
                    }
                },
                "TrainerController._save_models": {
                    "total": 0.19624589999966702,
                    "count": 1,
                    "self": 0.009367499999825668,
                    "children": {
                        "RLTrainer._checkpoint": {
                            "total": 0.18687839999984135,
                            "count": 1,
                            "self": 0.18687839999984135
                        }
                    }
                }
            }
        }
    }
}