{
    "name": "root",
    "gauges": {
        "MyBehavior.Policy.Entropy.mean": {
            "value": 1.4423506259918213,
            "min": 1.4189382791519165,
            "max": 1.4423506259918213,
            "count": 20
        },
        "MyBehavior.Policy.Entropy.sum": {
            "value": 28441.7109375,
            "min": 27826.798828125,
            "max": 30064.353515625,
            "count": 20
        },
        "MyBehavior.Environment.EpisodeLength.mean": {
            "value": 180.37272727272727,
            "min": 100.26395939086295,
            "max": 180.37272727272727,
            "count": 20
        },
        "MyBehavior.Environment.EpisodeLength.sum": {
            "value": 19841.0,
            "min": 19592.0,
            "max": 20112.0,
            "count": 20
        },
        "MyBehavior.Step.mean": {
            "value": 399969.0,
            "min": 19888.0,
            "max": 399969.0,
            "count": 20
        },
        "MyBehavior.Step.sum": {
            "value": 399969.0,
            "min": 19888.0,
            "max": 399969.0,
            "count": 20
        },
        "MyBehavior.Policy.ExtrinsicValueEstimate.mean": {
            "value": -0.26381057500839233,
            "min": -0.30296075344085693,
            "max": 0.07752137631177902,
            "count": 20
        },
        "MyBehavior.Policy.ExtrinsicValueEstimate.sum": {
            "value": -29.019163131713867,
            "min": -48.77667999267578,
            "max": 13.721282958984375,
            "count": 20
        },
        "MyBehavior.Environment.CumulativeReward.mean": {
            "value": -4.622363199970939,
            "min": -4.622363199970939,
            "max": -3.029238305116063,
            "count": 20
        },
        "MyBehavior.Environment.CumulativeReward.sum": {
            "value": -508.4599519968033,
            "min": -596.7599461078644,
            "max": -508.4599519968033,
            "count": 20
        },
        "MyBehavior.Policy.ExtrinsicReward.mean": {
            "value": -4.622363199970939,
            "min": -4.622363199970939,
            "max": -3.029238305116063,
            "count": 20
        },
        "MyBehavior.Policy.ExtrinsicReward.sum": {
            "value": -508.4599519968033,
            "min": -596.7599461078644,
            "max": -508.4599519968033,
            "count": 20
        },
        "MyBehavior.IsTraining.mean": {
            "value": 1.0,
            "min": 1.0,
            "max": 1.0,
            "count": 20
        },
        "MyBehavior.IsTraining.sum": {
            "value": 1.0,
            "min": 1.0,
            "max": 1.0,
            "count": 20
        },
        "MyBehavior.Losses.PolicyLoss.mean": {
            "value": 0.010967932235584349,
            "min": 0.00962705164943544,
            "max": 0.010967932235584349,
            "count": 3
        },
        "MyBehavior.Losses.PolicyLoss.sum": {
            "value": 0.010967932235584349,
            "min": 0.00962705164943544,
            "max": 0.010967932235584349,
            "count": 3
        },
        "MyBehavior.Losses.ValueLoss.mean": {
            "value": 0.006820721257674067,
            "min": 0.006820721257674067,
            "max": 0.051915661268459076,
            "count": 3
        },
        "MyBehavior.Losses.ValueLoss.sum": {
            "value": 0.006820721257674067,
            "min": 0.006820721257674067,
            "max": 0.051915661268459076,
            "count": 3
        },
        "MyBehavior.Policy.LearningRate.mean": {
            "value": 0.00096997370300263,
            "min": 0.00096997370300263,
            "max": 0.0009899993010000702,
            "count": 3
        },
        "MyBehavior.Policy.LearningRate.sum": {
            "value": 0.00096997370300263,
            "min": 0.00096997370300263,
            "max": 0.0009899993010000702,
            "count": 3
        },
        "MyBehavior.Policy.Epsilon.mean": {
            "value": 0.19699737000000003,
            "min": 0.19699737000000003,
            "max": 0.19899993,
            "count": 3
        },
        "MyBehavior.Policy.Epsilon.sum": {
            "value": 0.19699737000000003,
            "min": 0.19699737000000003,
            "max": 0.19899993,
            "count": 3
        },
        "MyBehavior.Policy.Beta.mean": {
            "value": 0.004850168762999999,
            "min": 0.004850168762999999,
            "max": 0.0049500965069999995,
            "count": 3
        },
        "MyBehavior.Policy.Beta.sum": {
            "value": 0.004850168762999999,
            "min": 0.004850168762999999,
            "max": 0.0049500965069999995,
            "count": 3
        }
    },
    "metadata": {
        "timer_format_version": "0.1.0",
        "start_time_seconds": "1714648719",
        "python_version": "3.7.16 (default, Jan 17 2023, 16:06:28) [MSC v.1916 64 bit (AMD64)]",
        "command_line_arguments": "D:\\Anaconda\\envs\\unity\\Scripts\\mlagents-learn TreasureSearch.yaml --run-id=Run 57",
        "mlagents_version": "0.28.0",
        "mlagents_envs_version": "0.28.0",
        "communication_protocol_version": "1.5.0",
        "pytorch_version": "1.7.1+cu110",
        "numpy_version": "1.21.6",
        "end_time_seconds": "1714649531"
    },
    "total": 811.5156963999999,
    "count": 1,
    "self": 0.01013759999989361,
    "children": {
        "run_training.setup": {
            "total": 0.16851680000000013,
            "count": 1,
            "self": 0.16851680000000013
        },
        "TrainerController.start_learning": {
            "total": 811.337042,
            "count": 1,
            "self": 2.2953984000057517,
            "children": {
                "TrainerController._reset_env": {
                    "total": 13.9071449,
                    "count": 1,
                    "self": 13.9071449
                },
                "TrainerController.advance": {
                    "total": 794.8733429999942,
                    "count": 46195,
                    "self": 0.7112598999932516,
                    "children": {
                        "env_step": {
                            "total": 794.1620831000009,
                            "count": 46195,
                            "self": 549.8361423000034,
                            "children": {
                                "SubprocessEnvManager._take_step": {
                                    "total": 243.66693619999648,
                                    "count": 46195,
                                    "self": 3.388339399997932,
                                    "children": {
                                        "TorchPolicy.evaluate": {
                                            "total": 240.27859679999855,
                                            "count": 44822,
                                            "self": 84.39499610000459,
                                            "children": {
                                                "TorchPolicy.sample_actions": {
                                                    "total": 155.88360069999396,
                                                    "count": 44821,
                                                    "self": 155.88360069999396
                                                }
                                            }
                                        }
                                    }
                                },
                                "workers": {
                                    "total": 0.6590046000010581,
                                    "count": 46194,
                                    "self": 0.0,
                                    "children": {
                                        "worker_root": {
                                            "total": 797.2888331000009,
                                            "count": 46194,
                                            "is_parallel": true,