{
    "name": "root",
    "gauges": {
        "MyBehavior.Policy.Entropy.mean": {
            "value": 1.4132510423660278,
            "min": 1.4126965999603271,
            "max": 1.4263510704040527,
            "count": 9
        },
        "MyBehavior.Policy.Entropy.sum": {
            "value": 28020.52734375,
            "min": 28020.52734375,
            "max": 28947.794921875,
            "count": 9
        },
        "MyBehavior.Environment.EpisodeLength.mean": {
            "value": 131.47333333333333,
            "min": 56.75504322766571,
            "max": 149.09774436090225,
            "count": 9
        },
        "MyBehavior.Environment.EpisodeLength.sum": {
            "value": 19721.0,
            "min": 19523.0,
            "max": 20237.0,
            "count": 9
        },
        "MyBehavior.Step.mean": {
            "value": 179999.0,
            "min": 19993.0,
            "max": 179999.0,
            "count": 9
        },
        "MyBehavior.Step.sum": {
            "value": 179999.0,
            "min": 19993.0,
            "max": 179999.0,
            "count": 9
        },
        "MyBehavior.Policy.ExtrinsicValueEstimate.mean": {
            "value": -0.523334264755249,
            "min": -0.5514130592346191,
            "max": -0.03487567603588104,
            "count": 9
        },
        "MyBehavior.Policy.ExtrinsicValueEstimate.sum": {
            "value": -85.30348205566406,
            "min": -133.7646942138672,
            "max": -12.101860046386719,
            "count": 9
        },
        "MyBehavior.Environment.CumulativeReward.mean": {
            "value": -7.304297187328339,
            "min": -8.182867015662946,
            "max": -3.6718234419822693,
            "count": 9
        },
        "MyBehavior.Environment.CumulativeReward.sum": {
            "value": -1095.6445780992508,
            "min": -1270.4509109258652,
            "max": -1088.3213130831718,
            "count": 9
        },
        "MyBehavior.Policy.ExtrinsicReward.mean": {
            "value": -7.304297187328339,
            "min": -8.182867015662946,
            "max": -3.6718234419822693,
            "count": 9
        },
        "MyBehavior.Policy.ExtrinsicReward.sum": {
            "value": -1095.6445780992508,
            "min": -1270.4509109258652,
            "max": -1088.3213130831718,
            "count": 9
        },
        "MyBehavior.Losses.PolicyLoss.mean": {
            "value": 0.021052348015709193,
            "min": 0.017365796090517607,
            "max": 0.02672601283389937,
            "count": 9
        },
        "MyBehavior.Losses.PolicyLoss.sum": {
            "value": 0.042104696031418386,
            "min": 0.02657304241977356,
            "max": 0.05345202566779874,
            "count": 9
        },
        "MyBehavior.Losses.ValueLoss.mean": {
            "value": 0.0018845260945252245,
            "min": 0.0018845260945252245,
            "max": 0.057737097040646605,
            "count": 9
        },
        "MyBehavior.Losses.ValueLoss.sum": {
            "value": 0.003769052189050449,
            "min": 0.003769052189050449,
            "max": 0.08272339300149018,
            "count": 9
        },
        "MyBehavior.Policy.LearningRate.mean": {
            "value": 0.0008338580166142001,
            "min": 0.0008338580166142001,
            "max": 0.0009899530010047002,
            "count": 9
        },
        "MyBehavior.Policy.LearningRate.sum": {
            "value": 0.0016677160332284001,
            "min": 0.0009899530010047002,
            "max": 0.0019497770050222996,
            "count": 9
        },
        "MyBehavior.Policy.Epsilon.mean": {
            "value": 0.18338580000000002,
            "min": 0.18338580000000002,
            "max": 0.1989953,
            "count": 9
        },
        "MyBehavior.Policy.Epsilon.sum": {
            "value": 0.36677160000000003,
            "min": 0.1989953,
            "max": 0.39497770000000004,
            "count": 9
        },
        "MyBehavior.Policy.Beta.mean": {
            "value": 0.004170951420000001,
            "min": 0.004170951420000001,
            "max": 0.004949865470000001,
            "count": 9
        },
        "MyBehavior.Policy.Beta.sum": {
            "value": 0.008341902840000002,
            "min": 0.004949865470000001,
            "max": 0.00974938723,
            "count": 9
        },
        "MyBehavior.IsTraining.mean": {
            "value": 1.0,
            "min": 1.0,
            "max": 1.0,
            "count": 9
        },
        "MyBehavior.IsTraining.sum": {
            "value": 1.0,
            "min": 1.0,
            "max": 1.0,
            "count": 9
        }
    },
    "metadata": {
        "timer_format_version": "0.1.0",
        "start_time_seconds": "1714566035",
        "python_version": "3.7.16 (default, Jan 17 2023, 16:06:28) [MSC v.1916 64 bit (AMD64)]",
        "command_line_arguments": "D:\\Anaconda\\envs\\unity\\Scripts\\mlagents-learn TreasureSearch.yaml --run-id=Run 43",
        "mlagents_version": "0.28.0",
        "mlagents_envs_version": "0.28.0",
        "communication_protocol_version": "1.5.0",
        "pytorch_version": "1.7.1+cu110",
        "numpy_version": "1.21.6",
        "end_time_seconds": "1714566681"
    },
    "total": 645.9926369,
    "count": 1,
    "self": 0.011474899999939225,
    "children": {
        "run_training.setup": {
            "total": 0.1266480000000001,
            "count": 1,
            "self": 0.1266480000000001
        },
        "TrainerController.start_learning": {
            "total": 645.854514,
            "count": 1,
            "self": 1.0151002000036442,
            "children": {
                "TrainerController._reset_env": {
                    "total": 9.7670624,
                    "count": 1,
                    "self": 9.7670624
                },
                "TrainerController.advance": {
                    "total": 634.8965719999964,
                    "count": 23566,
                    "self": 0.5629718999917941,
                    "children": {
                        "env_step": {
                            "total": 634.3336001000046,
                            "count": 23566,
                            "self": 553.4318829000149,
                            "children": {
                                "SubprocessEnvManager._take_step": {
                                    "total": 80.34879799999516,
                                    "count": 23566,
                                    "self": 2.3344127999936717,
                                    "children": {
                                        "TorchPolicy.evaluate": {
                                            "total": 78.01438520000148,
                                            "count": 22131,
                                            "self": 8.024667500005663,
                                            "children": {
                                                "TorchPolicy.sample_actions": {
                                                    "total": 69.98971769999582,
                                                    "count": 22131,
                                                    "self": 69.98971769999582
                                                }
                                            }
                                        }
                                    }
                                },
                                "workers": {
                                    "total": 0.5529191999945535,
                                    "count": 23565,
                                    "self": 0.0,
                                    "children": {
                                        "worker_root": {
                                            "total": 632.6586661000026,
                                            "count": 23565,
                                            "is_parallel": true,