{
    "name": "root",
    "gauges": {
        "MyBehavior.Policy.Entropy.mean": {
            "value": 1.4237315654754639,
            "min": 1.4206023216247559,
            "max": 1.4237315654754639,
            "count": 2
        },
        "MyBehavior.Policy.Entropy.sum": {
            "value": 28689.615234375,
            "min": 28689.615234375,
            "max": 28831.125,
            "count": 2
        },
        "MyBehavior.Environment.EpisodeLength.mean": {
            "value": 46.18676122931442,
            "min": 31.43042071197411,
            "max": 46.18676122931442,
            "count": 2
        },
        "MyBehavior.Environment.EpisodeLength.sum": {
            "value": 19537.0,
            "min": 19424.0,
            "max": 19537.0,
            "count": 2
        },
        "MyBehavior.Step.mean": {
            "value": 39866.0,
            "min": 19994.0,
            "max": 39866.0,
            "count": 2
        },
        "MyBehavior.Step.sum": {
            "value": 39866.0,
            "min": 19994.0,
            "max": 39866.0,
            "count": 2
        },
        "MyBehavior.Policy.ExtrinsicValueEstimate.mean": {
            "value": -0.6277448534965515,
            "min": -0.6277448534965515,
            "max": -0.31226620078086853,
            "count": 2
        },
        "MyBehavior.Policy.ExtrinsicValueEstimate.sum": {
            "value": -266.163818359375,
            "min": -266.163818359375,
            "max": -192.66824340820312,
            "count": 2
        },
        "MyBehavior.Environment.CumulativeReward.mean": {
            "value": -3.3299053741121405,
            "min": -3.3299053741121405,
            "max": -2.6008264531579166,
            "count": 2
        },
        "MyBehavior.Environment.CumulativeReward.sum": {
            "value": -1408.5499732494354,
            "min": -1604.7099215984344,
            "max": -1408.5499732494354,
            "count": 2
        },
        "MyBehavior.Policy.ExtrinsicReward.mean": {
            "value": -3.3299053741121405,
            "min": -3.3299053741121405,
            "max": -2.6008264531579166,
            "count": 2
        },
        "MyBehavior.Policy.ExtrinsicReward.sum": {
            "value": -1408.5499732494354,
            "min": -1604.7099215984344,
            "max": -1408.5499732494354,
            "count": 2
        },
        "MyBehavior.Losses.PolicyLoss.mean": {
            "value": 0.02633299894579169,
            "min": 0.02518756299590071,
            "max": 0.02633299894579169,
            "count": 2
        },
        "MyBehavior.Losses.PolicyLoss.sum": {
            "value": 0.05266599789158338,
            "min": 0.02518756299590071,
            "max": 0.05266599789158338,
            "count": 2
        },
        "MyBehavior.Losses.ValueLoss.mean": {
            "value": 0.01181367863211091,
            "min": 0.01181367863211091,
            "max": 0.04951703093118138,
            "count": 2
        },
        "MyBehavior.Losses.ValueLoss.sum": {
            "value": 0.02362735726422182,
            "min": 0.02362735726422182,
            "max": 0.04951703093118138,
            "count": 2
        },
        "MyBehavior.Policy.LearningRate.mean": {
            "value": 0.0009748275025172502,
            "min": 0.0009748275025172502,
            "max": 0.0009899420010058,
            "count": 2
        },
        "MyBehavior.Policy.LearningRate.sum": {
            "value": 0.0019496550050345004,
            "min": 0.0009899420010058,
            "max": 0.0019496550050345004,
            "count": 2
        },
        "MyBehavior.Policy.Epsilon.mean": {
            "value": 0.19748275000000004,
            "min": 0.19748275000000004,
            "max": 0.19899419999999995,
            "count": 2
        },
        "MyBehavior.Policy.Epsilon.sum": {
            "value": 0.3949655000000001,
            "min": 0.19899419999999995,
            "max": 0.3949655000000001,
            "count": 2
        },
        "MyBehavior.Policy.Beta.mean": {
            "value": 0.004874389225000001,
            "min": 0.004874389225000001,
            "max": 0.004949810579999999,
            "count": 2
        },
        "MyBehavior.Policy.Beta.sum": {
            "value": 0.009748778450000002,
            "min": 0.004949810579999999,
            "max": 0.009748778450000002,
            "count": 2
        },
        "MyBehavior.IsTraining.mean": {
            "value": 1.0,
            "min": 1.0,
            "max": 1.0,
            "count": 2
        },
        "MyBehavior.IsTraining.sum": {
            "value": 1.0,
            "min": 1.0,
            "max": 1.0,
            "count": 2
        }
    },
    "metadata": {
        "timer_format_version": "0.1.0",
        "start_time_seconds": "1714556314",
        "python_version": "3.7.16 (default, Jan 17 2023, 16:06:28) [MSC v.1916 64 bit (AMD64)]",
        "command_line_arguments": "D:\\Anaconda\\envs\\unity\\Scripts\\mlagents-learn TreasureSearch.yaml --run-id=36",
        "mlagents_version": "0.28.0",
        "mlagents_envs_version": "0.28.0",
        "communication_protocol_version": "1.5.0",
        "pytorch_version": "1.7.1+cu110",
        "numpy_version": "1.21.6",
        "end_time_seconds": "1714556527"
    },
    "total": 213.5945002,
    "count": 1,
    "self": 0.012203800000008869,
    "children": {
        "run_training.setup": {
            "total": 0.14566119999999994,
            "count": 1,
            "self": 0.14566119999999994
        },
        "TrainerController.start_learning": {
            "total": 213.43663519999998,
            "count": 1,
            "self": 0.32266529999856175,
            "children": {
                "TrainerController._reset_env": {
                    "total": 11.3938168,
                    "count": 1,
                    "self": 11.3938168
                },
                "TrainerController.advance": {
                    "total": 201.58088660000143,
                    "count": 7388,
                    "self": 0.17529730000148902,
                    "children": {
                        "env_step": {
                            "total": 201.40558929999995,
                            "count": 7388,
                            "self": 179.56030220000002,
                            "children": {
                                "SubprocessEnvManager._take_step": {
                                    "total": 21.673454100001045,
                                    "count": 7388,
                                    "self": 0.6553185000009698,
                                    "children": {
                                        "TorchPolicy.evaluate": {
                                            "total": 21.018135600000075,
                                            "count": 6431,
                                            "self": 2.0555756999999346,
                                            "children": {
                                                "TorchPolicy.sample_actions": {
                                                    "total": 18.96255990000014,
                                                    "count": 6431,
                                                    "self": 18.96255990000014
                                                }
                                            }
                                        }
                                    }
                                },
                                "workers": {
                                    "total": 0.17183299999888568,
                                    "count": 7387,
                                    "self": 0.0,
                                    "children": {
                                        "worker_root": {
                                            "total": 188.23364030000073,
                                            "count": 7387,
                                            "is_parallel": true,