{
    "name": "root",
    "gauges": {
        "MyBehavior.Policy.Entropy.mean": {
            "value": 1.4329185485839844,
            "min": 1.4189382791519165,
            "max": 1.4329185485839844,
            "count": 7
        },
        "MyBehavior.Policy.Entropy.sum": {
            "value": 28668.40234375,
            "min": 27533.078125,
            "max": 29410.3359375,
            "count": 7
        },
        "MyBehavior.Environment.EpisodeLength.mean": {
            "value": 56.12034383954155,
            "min": 47.07692307692308,
            "max": 56.88985507246377,
            "count": 7
        },
        "MyBehavior.Environment.EpisodeLength.sum": {
            "value": 19586.0,
            "min": 19534.0,
            "max": 19733.0,
            "count": 7
        },
        "MyBehavior.Step.mean": {
            "value": 139955.0,
            "min": 19984.0,
            "max": 139955.0,
            "count": 7
        },
        "MyBehavior.Step.sum": {
            "value": 139955.0,
            "min": 19984.0,
            "max": 139955.0,
            "count": 7
        },
        "MyBehavior.Policy.ExtrinsicValueEstimate.mean": {
            "value": -0.41436171531677246,
            "min": -0.41564565896987915,
            "max": -0.025443408638238907,
            "count": 7
        },
        "MyBehavior.Policy.ExtrinsicValueEstimate.sum": {
            "value": -144.61224365234375,
            "min": -144.61224365234375,
            "max": -9.643052101135254,
            "count": 7
        },
        "MyBehavior.Environment.CumulativeReward.mean": {
            "value": -3.6410577286963477,
            "min": -3.6878757866131777,
            "max": -3.190244027341788,
            "count": 7
        },
        "MyBehavior.Environment.CumulativeReward.sum": {
            "value": -1270.7291473150253,
            "min": -1327.1415153741837,
            "max": -1270.7291473150253,
            "count": 7
        },
        "MyBehavior.Policy.ExtrinsicReward.mean": {
            "value": -3.6410577286963477,
            "min": -3.6878757866131777,
            "max": -3.190244027341788,
            "count": 7
        },
        "MyBehavior.Policy.ExtrinsicReward.sum": {
            "value": -1270.7291473150253,
            "min": -1327.1415153741837,
            "max": -1270.7291473150253,
            "count": 7
        },
        "MyBehavior.IsTraining.mean": {
            "value": 1.0,
            "min": 1.0,
            "max": 1.0,
            "count": 7
        },
        "MyBehavior.IsTraining.sum": {
            "value": 1.0,
            "min": 1.0,
            "max": 1.0,
            "count": 7
        },
        "MyBehavior.Losses.PolicyLoss.mean": {
            "value": 0.010815990095101083,
            "min": 0.010815990095101083,
            "max": 0.010815990095101083,
            "count": 1
        },
        "MyBehavior.Losses.PolicyLoss.sum": {
            "value": 0.010815990095101083,
            "min": 0.010815990095101083,
            "max": 0.010815990095101083,
            "count": 1
        },
        "MyBehavior.Losses.ValueLoss.mean": {
            "value": 0.023211868933254953,
            "min": 0.023211868933254953,
            "max": 0.023211868933254953,
            "count": 1
        },
        "MyBehavior.Losses.ValueLoss.sum": {
            "value": 0.023211868933254953,
            "min": 0.023211868933254953,
            "max": 0.023211868933254953,
            "count": 1
        },
        "MyBehavior.Policy.LearningRate.mean": {
            "value": 0.0009899858010014198,
            "min": 0.0009899858010014198,
            "max": 0.0009899858010014198,
            "count": 1
        },
        "MyBehavior.Policy.LearningRate.sum": {
            "value": 0.0009899858010014198,
            "min": 0.0009899858010014198,
            "max": 0.0009899858010014198,
            "count": 1
        },
        "MyBehavior.Policy.Epsilon.mean": {
            "value": 0.19899857999999998,
            "min": 0.19899857999999998,
            "max": 0.19899857999999998,
            "count": 1
        },
        "MyBehavior.Policy.Epsilon.sum": {
            "value": 0.19899857999999998,
            "min": 0.19899857999999998,
            "max": 0.19899857999999998,
            "count": 1
        },
        "MyBehavior.Policy.Beta.mean": {
            "value": 0.004950029142,
            "min": 0.004950029142,
            "max": 0.004950029142,
            "count": 1
        },
        "MyBehavior.Policy.Beta.sum": {
            "value": 0.004950029142,
            "min": 0.004950029142,
            "max": 0.004950029142,
            "count": 1
        }
    },
    "metadata": {
        "timer_format_version": "0.1.0",
        "start_time_seconds": "1714565532",
        "python_version": "3.7.16 (default, Jan 17 2023, 16:06:28) [MSC v.1916 64 bit (AMD64)]",
        "command_line_arguments": "D:\\Anaconda\\envs\\unity\\Scripts\\mlagents-learn TreasureSearch.yaml --run-id=Run 42",
        "mlagents_version": "0.28.0",
        "mlagents_envs_version": "0.28.0",
        "communication_protocol_version": "1.5.0",
        "pytorch_version": "1.7.1+cu110",
        "numpy_version": "1.21.6",
        "end_time_seconds": "1714565996"
    },
    "total": 464.1125672,
    "count": 1,
    "self": 0.009015199999964807,
    "children": {
        "run_training.setup": {
            "total": 0.1287685999999999,
            "count": 1,
            "self": 0.1287685999999999
        },
        "TrainerController.start_learning": {
            "total": 463.97478340000004,
            "count": 1,
            "self": 0.7277834999977131,
            "children": {
                "TrainerController._reset_env": {
                    "total": 10.380590000000002,
                    "count": 1,
                    "self": 10.380590000000002
                },
                "TrainerController.advance": {
                    "total": 452.68569220000234,
                    "count": 19099,
                    "self": 0.39872539999919354,
                    "children": {
                        "env_step": {
                            "total": 452.28696680000314,
                            "count": 19099,
                            "self": 415.0401074999997,
                            "children": {
                                "SubprocessEnvManager._take_step": {
                                    "total": 36.84157590000065,
                                    "count": 19099,
                                    "self": 1.574347000000742,
                                    "children": {
                                        "TorchPolicy.evaluate": {
                                            "total": 35.26722889999991,
                                            "count": 17011,
                                            "self": 4.896211300001454,
                                            "children": {
                                                "TorchPolicy.sample_actions": {
                                                    "total": 30.371017599998453,
                                                    "count": 17011,
                                                    "self": 30.371017599998453
                                                }
                                            }
                                        }
                                    }
                                },
                                "workers": {
                                    "total": 0.4052834000027854,
                                    "count": 19098,
                                    "self": 0.0,
                                    "children": {
                                        "worker_root": {
                                            "total": 447.759238899999,
                                            "count": 19098,
                                            "is_parallel": true,