{
    "name": "root",
    "gauges": {
        "MyBehavior.Policy.Entropy.mean": {
            "value": 1.403426170349121,
            "min": 1.403426170349121,
            "max": 1.4189382791519165,
            "count": 21
        },
        "MyBehavior.Policy.Entropy.sum": {
            "value": 28634.103515625,
            "min": 27446.578125,
            "max": 29499.49609375,
            "count": 21
        },
        "MyBehavior.Environment.EpisodeLength.mean": {
            "value": 190.10476190476192,
            "min": 81.99166666666666,
            "max": 190.10476190476192,
            "count": 21
        },
        "MyBehavior.Environment.EpisodeLength.sum": {
            "value": 19961.0,
            "min": 19622.0,
            "max": 20185.0,
            "count": 21
        },
        "MyBehavior.Step.mean": {
            "value": 419873.0,
            "min": 19948.0,
            "max": 419873.0,
            "count": 21
        },
        "MyBehavior.Step.sum": {
            "value": 419873.0,
            "min": 19948.0,
            "max": 419873.0,
            "count": 21
        },
        "MyBehavior.Policy.ExtrinsicValueEstimate.mean": {
            "value": -0.5404027700424194,
            "min": -0.5959172248840332,
            "max": -0.06296665966510773,
            "count": 21
        },
        "MyBehavior.Policy.ExtrinsicValueEstimate.sum": {
            "value": -56.74229049682617,
            "min": -136.4650421142578,
            "max": -14.608264923095703,
            "count": 21
        },
        "MyBehavior.Environment.CumulativeReward.mean": {
            "value": -10.252095234961736,
            "min": -10.252095234961736,
            "max": -5.1418333465854325,
            "count": 21
        },
        "MyBehavior.Environment.CumulativeReward.sum": {
            "value": -1076.4699996709824,
            "min": -1234.0400031805038,
            "max": -1076.3600180149078,
            "count": 21
        },
        "MyBehavior.Policy.ExtrinsicReward.mean": {
            "value": -10.252095234961736,
            "min": -10.252095234961736,
            "max": -5.1418333465854325,
            "count": 21
        },
        "MyBehavior.Policy.ExtrinsicReward.sum": {
            "value": -1076.4699996709824,
            "min": -1234.0400031805038,
            "max": -1076.3600180149078,
            "count": 21
        },
        "MyBehavior.IsTraining.mean": {
            "value": 1.0,
            "min": 1.0,
            "max": 1.0,
            "count": 21
        },
        "MyBehavior.IsTraining.sum": {
            "value": 1.0,
            "min": 1.0,
            "max": 1.0,
            "count": 21
        },
        "MyBehavior.Losses.PolicyLoss.mean": {
            "value": 0.012820318445416265,
            "min": 0.00944200584720085,
            "max": 0.012820318445416265,
            "count": 4
        },
        "MyBehavior.Losses.PolicyLoss.sum": {
            "value": 0.012820318445416265,
            "min": 0.00944200584720085,
            "max": 0.012820318445416265,
            "count": 4
        },
        "MyBehavior.Losses.ValueLoss.mean": {
            "value": 0.0036597094261659343,
            "min": 0.0036597094261659343,
            "max": 0.06525345301876466,
            "count": 4
        },
        "MyBehavior.Losses.ValueLoss.sum": {
            "value": 0.0036597094261659343,
            "min": 0.0036597094261659343,
            "max": 0.06525345301876466,
            "count": 4
        },
        "MyBehavior.Policy.LearningRate.mean": {
            "value": 0.0005992090400791002,
            "min": 0.0005992090400791002,
            "max": 0.0008999850100015,
            "count": 4
        },
        "MyBehavior.Policy.LearningRate.sum": {
            "value": 0.0005992090400791002,
            "min": 0.0005992090400791002,
            "max": 0.0008999850100015,
            "count": 4
        },
        "MyBehavior.Policy.Epsilon.mean": {
            "value": 0.1599209,
            "min": 0.1599209,
            "max": 0.1899985,
            "count": 4
        },
        "MyBehavior.Policy.Epsilon.sum": {
            "value": 0.1599209,
            "min": 0.1599209,
            "max": 0.1899985,
            "count": 4
        },
        "MyBehavior.Policy.Beta.mean": {
            "value": 0.00300005291,
            "min": 0.00300005291,
            "max": 0.0045009251500000005,
            "count": 4
        },
        "MyBehavior.Policy.Beta.sum": {
            "value": 0.00300005291,
            "min": 0.00300005291,
            "max": 0.0045009251500000005,
            "count": 4
        }
    },
    "metadata": {
        "timer_format_version": "0.1.0",
        "start_time_seconds": "1714634546",
        "python_version": "3.7.16 (default, Jan 17 2023, 16:06:28) [MSC v.1916 64 bit (AMD64)]",
        "command_line_arguments": "D:\\Anaconda\\envs\\unity\\Scripts\\mlagents-learn TreasureSearch.yaml --run-id=Run 49",
        "mlagents_version": "0.28.0",
        "mlagents_envs_version": "0.28.0",
        "communication_protocol_version": "1.5.0",
        "pytorch_version": "1.7.1+cu110",
        "numpy_version": "1.21.6",
        "end_time_seconds": "1714635913"
    },
    "total": 1366.2062838000002,
    "count": 1,
    "self": 0.010281400000167196,
    "children": {
        "run_training.setup": {
            "total": 0.6947773999999924,
            "count": 1,
            "self": 0.6947773999999924
        },
        "TrainerController.start_learning": {
            "total": 1365.501225,
            "count": 1,
            "self": 2.00069700002382,
            "children": {
                "TrainerController._reset_env": {
                    "total": 10.190883600000006,
                    "count": 1,
                    "self": 10.190883600000006
                },
                "TrainerController.advance": {
                    "total": 1352.658322099976,
                    "count": 51018,
                    "self": 1.1113221999551115,
                    "children": {
                        "env_step": {
                            "total": 1351.5469999000209,
                            "count": 51018,
                            "self": 1220.259967200003,
                            "children": {
                                "SubprocessEnvManager._take_step": {
                                    "total": 130.1752281000155,
                                    "count": 51018,
                                    "self": 4.684718600022109,
                                    "children": {
                                        "TorchPolicy.evaluate": {
                                            "total": 125.49050949999338,
                                            "count": 48419,
                                            "self": 15.176591000001281,
                                            "children": {
                                                "TorchPolicy.sample_actions": {
                                                    "total": 110.3139184999921,
                                                    "count": 48419,
                                                    "self": 110.3139184999921
                                                }
                                            }
                                        }
                                    }
                                },
                                "workers": {
                                    "total": 1.1118046000023867,
                                    "count": 51017,
                                    "self": 0.0,
                                    "children": {
                                        "worker_root": {
                                            "total": 1352.5882734999989,
                                            "count": 51017,
                                            "is_parallel": true,