{
    "name": "root",
    "gauges": {
        "MyBehavior.Policy.Entropy.mean": {
            "value": 1.4243260622024536,
            "min": 1.4189382791519165,
            "max": 1.4243260622024536,
            "count": 340
        },
        "MyBehavior.Policy.Entropy.sum": {
            "value": 25791.6953125,
            "min": 14092.7890625,
            "max": 42549.17578125,
            "count": 340
        },
        "MyBehavior.Environment.EpisodeLength.mean": {
            "value": 566.1891891891892,
            "min": 207.95604395604394,
            "max": 1001.1666666666666,
            "count": 340
        },
        "MyBehavior.Environment.EpisodeLength.sum": {
            "value": 20949.0,
            "min": 9672.0,
            "max": 29339.0,
            "count": 340
        },
        "MyBehavior.Step.mean": {
            "value": 6799924.0,
            "min": 19778.0,
            "max": 6799924.0,
            "count": 340
        },
        "MyBehavior.Step.sum": {
            "value": 6799924.0,
            "min": 19778.0,
            "max": 6799924.0,
            "count": 340
        },
        "MyBehavior.Policy.ExtrinsicValueEstimate.mean": {
            "value": -0.02645721286535263,
            "min": -0.1246483325958252,
            "max": 0.08985273540019989,
            "count": 340
        },
        "MyBehavior.Policy.ExtrinsicValueEstimate.sum": {
            "value": -1.1376601457595825,
            "min": -9.129826545715332,
            "max": 7.5476298332214355,
            "count": 340
        },
        "MyBehavior.Policy.CuriosityValueEstimate.mean": {
            "value": 0.15712931752204895,
            "min": -0.09441626071929932,
            "max": 0.1606840044260025,
            "count": 340
        },
        "MyBehavior.Policy.CuriosityValueEstimate.sum": {
            "value": 6.756560802459717,
            "min": -6.49607515335083,
            "max": 7.311161041259766,
            "count": 340
        },
        "MyBehavior.Environment.CumulativeReward.mean": {
            "value": -0.9508885906802284,
            "min": -0.9804492929707402,
            "max": -0.0061664598829606,
            "count": 340
        },
        "MyBehavior.Environment.CumulativeReward.sum": {
            "value": -34.23198926448822,
            "min": -90.2013349533081,
            "max": -0.2096596360206604,
            "count": 340
        },
        "MyBehavior.Policy.ExtrinsicReward.mean": {
            "value": -0.9508885906802284,
            "min": -0.9804492929707402,
            "max": -0.0061664598829606,
            "count": 340
        },
        "MyBehavior.Policy.ExtrinsicReward.sum": {
            "value": -34.23198926448822,
            "min": -90.2013349533081,
            "max": -0.2096596360206604,
            "count": 340
        },
        "MyBehavior.Policy.CuriosityReward.mean": {
            "value": 1.0266105292571917,
            "min": 0.0,
            "max": 1.6442823078897264,
            "count": 340
        },
        "MyBehavior.Policy.CuriosityReward.sum": {
            "value": 36.957979053258896,
            "min": 0.0,
            "max": 81.83518971782178,
            "count": 340
        },
        "MyBehavior.IsTraining.mean": {
            "value": 1.0,
            "min": 1.0,
            "max": 1.0,
            "count": 340
        },
        "MyBehavior.IsTraining.sum": {
            "value": 1.0,
            "min": 1.0,
            "max": 1.0,
            "count": 340
        },
        "MyBehavior.Losses.PolicyLoss.mean": {
            "value": 0.01706352611334296,
            "min": 0.016795709750876995,
            "max": 0.018421426361601333,
            "count": 16
        },
        "MyBehavior.Losses.PolicyLoss.sum": {
            "value": 0.01706352611334296,
            "min": 0.016795709750876995,
            "max": 0.018421426361601333,
            "count": 16
        },
        "MyBehavior.Losses.ValueLoss.mean": {
            "value": 0.0019100587412685854,
            "min": 0.0017881447657418902,
            "max": 0.005755785244109575,
            "count": 16
        },
        "MyBehavior.Losses.ValueLoss.sum": {
            "value": 0.0019100587412685854,
            "min": 0.0017881447657418902,
            "max": 0.005755785244109575,
            "count": 16
        },
        "MyBehavior.Policy.LearningRate.mean": {
            "value": 3.4410315903399997e-06,
            "min": 3.4410315903399997e-06,
            "max": 9.59021809786e-06,
            "count": 16
        },
        "MyBehavior.Policy.LearningRate.sum": {
            "value": 3.4410315903399997e-06,
            "min": 3.4410315903399997e-06,
            "max": 9.59021809786e-06,
            "count": 16
        },
        "MyBehavior.Policy.Epsilon.mean": {
            "value": 0.13440966,
            "min": 0.13440966,
            "max": 0.19590214000000003,
            "count": 16
        },
        "MyBehavior.Policy.Epsilon.sum": {
            "value": 0.13440966,
            "min": 0.13440966,
            "max": 0.19590214000000003,
            "count": 16
        },
        "MyBehavior.Policy.Beta.mean": {
            "value": 0.0017270420339999997,
            "min": 0.0017270420339999997,
            "max": 0.004795516786,
            "count": 16
        },
        "MyBehavior.Policy.Beta.sum": {
            "value": 0.0017270420339999997,
            "min": 0.0017270420339999997,
            "max": 0.004795516786,
            "count": 16
        },
        "MyBehavior.Losses.CuriosityForwardLoss.mean": {
            "value": 0.08351405466906726,
            "min": 0.03815335420425981,
            "max": 3.9818321196362376,
            "count": 16
        },
        "MyBehavior.Losses.CuriosityForwardLoss.sum": {
            "value": 0.08351405466906726,
            "min": 0.03815335420425981,
            "max": 3.9818321196362376,
            "count": 16
        },
        "MyBehavior.Losses.CuriosityInverseLoss.mean": {
            "value": 1.4175404892861843,
            "min": 1.4175404892861843,
            "max": 2.0162377217411995,
            "count": 16
        },
        "MyBehavior.Losses.CuriosityInverseLoss.sum": {
            "value": 1.4175404892861843,
            "min": 1.4175404892861843,
            "max": 2.0162377217411995,
            "count": 16
        }
    },
    "metadata": {
        "timer_format_version": "0.1.0",
        "start_time_seconds": "1715326747",
        "python_version": "3.7.16 (default, Jan 17 2023, 16:06:28) [MSC v.1916 64 bit (AMD64)]",
        "command_line_arguments": "D:\\Anaconda\\envs\\unity\\Scripts\\mlagents-learn TreasureSearch.yaml --run-id=Run 145",
        "mlagents_version": "0.28.0",
        "mlagents_envs_version": "0.28.0",
        "communication_protocol_version": "1.5.0",
        "pytorch_version": "1.7.1+cu110",
        "numpy_version": "1.21.6",
        "end_time_seconds": "1715337264"
    },
    "total": 10517.5558518,
    "count": 1,
    "self": 0.0922058999985893,
    "children": {
        "run_training.setup": {
            "total": 0.1371061,
            "count": 1,
            "self": 0.1371061
        },
        "TrainerController.start_learning": {
            "total": 10517.3265398,
            "count": 1,
            "self": 15.80674820008062,
            "children": {
                "TrainerController._reset_env": {
                    "total": 23.4555584,
                    "count": 1,
                    "self": 23.4555584
                },
                "TrainerController.advance": {
                    "total": 10477.879425199919,
                    "count": 568634,
                    "self": 8.465064999565584,
                    "children": {
                        "env_step": {
                            "total": 10469.414360200353,
                            "count": 568634,
                            "self": 7637.866629200444,