{
    "name": "root",
    "gauges": {
        "MyBehavior.Policy.Entropy.mean": {
            "value": 1.4228402376174927,
            "min": 1.4214228391647339,
            "max": 1.4228699207305908,
            "count": 302
        },
        "MyBehavior.Policy.Entropy.sum": {
            "value": 30921.1640625,
            "min": 17535.890625,
            "max": 36193.39453125,
            "count": 302
        },
        "MyBehavior.Environment.EpisodeLength.mean": {
            "value": 911.7083333333334,
            "min": 320.2105263157895,
            "max": 1127.75,
            "count": 302
        },
        "MyBehavior.Environment.EpisodeLength.sum": {
            "value": 21881.0,
            "min": 6084.0,
            "max": 24780.0,
            "count": 302
        },
        "MyBehavior.Step.mean": {
            "value": 9999976.0,
            "min": 3979436.0,
            "max": 9999976.0,
            "count": 302
        },
        "MyBehavior.Step.sum": {
            "value": 9999976.0,
            "min": 3979436.0,
            "max": 9999976.0,
            "count": 302
        },
        "MyBehavior.Policy.ExtrinsicValueEstimate.mean": {
            "value": 0.05841350182890892,
            "min": -0.026934420689940453,
            "max": 0.09701302647590637,
            "count": 302
        },
        "MyBehavior.Policy.ExtrinsicValueEstimate.sum": {
            "value": 1.752405047416687,
            "min": -1.1576875448226929,
            "max": 3.783508062362671,
            "count": 302
        },
        "MyBehavior.Environment.CumulativeReward.mean": {
            "value": 0.6812920471032461,
            "min": -0.8688486739993095,
            "max": 0.8917191351453463,
            "count": 302
        },
        "MyBehavior.Environment.CumulativeReward.sum": {
            "value": 16.351009130477905,
            "min": -32.83689308166504,
            "max": 21.40125924348831,
            "count": 302
        },
        "MyBehavior.Policy.ExtrinsicReward.mean": {
            "value": 0.6812920471032461,
            "min": -0.8688486739993095,
            "max": 0.8917191351453463,
            "count": 302
        },
        "MyBehavior.Policy.ExtrinsicReward.sum": {
            "value": 16.351009130477905,
            "min": -32.83689308166504,
            "max": 21.40125924348831,
            "count": 302
        },
        "MyBehavior.IsTraining.mean": {
            "value": 1.0,
            "min": 1.0,
            "max": 1.0,
            "count": 302
        },
        "MyBehavior.IsTraining.sum": {
            "value": 1.0,
            "min": 1.0,
            "max": 1.0,
            "count": 302
        },
        "MyBehavior.Losses.PolicyLoss.mean": {
            "value": 0.015819751350500157,
            "min": 0.013448473790776915,
            "max": 0.021456663112621753,
            "count": 145
        },
        "MyBehavior.Losses.PolicyLoss.sum": {
            "value": 0.015819751350500157,
            "min": 0.013448473790776915,
            "max": 0.021456663112621753,
            "count": 145
        },
        "MyBehavior.Losses.ValueLoss.mean": {
            "value": 0.0031852259853621945,
            "min": 0.0018119017477147281,
            "max": 0.005604110518470406,
            "count": 145
        },
        "MyBehavior.Losses.ValueLoss.sum": {
            "value": 0.0031852259853621945,
            "min": 0.0018119017477147281,
            "max": 0.005604110518470406,
            "count": 145
        },
        "MyBehavior.Policy.LearningRate.mean": {
            "value": 3.0260698389999656e-08,
            "min": 3.0260698389999656e-08,
            "max": 5.98747412566e-06,
            "count": 145
        },
        "MyBehavior.Policy.LearningRate.sum": {
            "value": 3.0260698389999656e-08,
            "min": 3.0260698389999656e-08,
            "max": 5.98747412566e-06,
            "count": 145
        },
        "MyBehavior.Policy.Epsilon.mean": {
            "value": 0.10030161000000001,
            "min": 0.10030161000000001,
            "max": 0.15987434,
            "count": 145
        },
        "MyBehavior.Policy.Epsilon.sum": {
            "value": 0.10030161000000001,
            "min": 0.10030161000000001,
            "max": 0.15987434,
            "count": 145
        },
        "MyBehavior.Policy.Beta.mean": {
            "value": 2.505033899999983e-05,
            "min": 2.505033899999983e-05,
            "max": 0.002997729566000001,
            "count": 145
        },
        "MyBehavior.Policy.Beta.sum": {
            "value": 2.505033899999983e-05,
            "min": 2.505033899999983e-05,
            "max": 0.002997729566000001,
            "count": 145
        }
    },
    "metadata": {
        "timer_format_version": "0.1.0",
        "start_time_seconds": "1715412741",
        "python_version": "3.7.16 (default, Jan 17 2023, 16:06:28) [MSC v.1916 64 bit (AMD64)]",
        "command_line_arguments": "D:\\Anaconda\\envs\\unity\\Scripts\\mlagents-learn TreasureSearch.yaml --run-id=Run 156 --resume",
        "mlagents_version": "0.28.0",
        "mlagents_envs_version": "0.28.0",
        "communication_protocol_version": "1.5.0",
        "pytorch_version": "1.7.1+cu110",
        "numpy_version": "1.21.6",
        "end_time_seconds": "1715421063"
    },
    "total": 8322.066954799999,
    "count": 1,
    "self": 0.011701099998390418,
    "children": {
        "run_training.setup": {
            "total": 0.4044781999999998,
            "count": 1,
            "self": 0.4044781999999998
        },
        "TrainerController.start_learning": {
            "total": 8321.6507755,
            "count": 1,
            "self": 13.490577400340044,
            "children": {
                "TrainerController._reset_env": {
                    "total": 12.811956999999978,
                    "count": 1,
                    "self": 12.811956999999978
                },
                "TrainerController.advance": {
                    "total": 8295.257863399662,
                    "count": 503284,
                    "self": 7.143357099692366,
                    "children": {
                        "env_step": {
                            "total": 8288.11450629997,
                            "count": 503284,
                            "self": 5006.626154400299,
                            "children": {
                                "SubprocessEnvManager._take_step": {
                                    "total": 3274.504474499964,
                                    "count": 503285,
                                    "self": 37.122715399970275,
                                    "children": {
                                        "TorchPolicy.evaluate": {
                                            "total": 3237.381759099994,
                                            "count": 503285,
                                            "self": 1044.6549512000765,
                                            "children": {
                                                "TorchPolicy.sample_actions": {
                                                    "total": 2192.7268078999173,
                                                    "count": 503285,
                                                    "self": 2192.7268078999173
                                                }
                                            }
                                        }
                                    }
                                },
                                "workers": {
                                    "total": 6.983877399705619,
                                    "count": 503284,
                                    "self": 0.0,
                                    "children": {
                                        "worker_root": {
                                            "total": 8266.214550599694,
                                            "count": 503284,