{
    "name": "root",
    "gauges": {
        "MyBehavior.Policy.Entropy.mean": {
            "value": 1.4285544157028198,
            "min": 1.4189382791519165,
            "max": 1.4285544157028198,
            "count": 10
        },
        "MyBehavior.Policy.Entropy.sum": {
            "value": 28503.9453125,
            "min": 28260.994140625,
            "max": 29090.552734375,
            "count": 10
        },
        "MyBehavior.Environment.EpisodeLength.mean": {
            "value": 34.795698924731184,
            "min": 30.274294670846395,
            "max": 36.98102466793169,
            "count": 10
        },
        "MyBehavior.Environment.EpisodeLength.sum": {
            "value": 19416.0,
            "min": 19315.0,
            "max": 19508.0,
            "count": 10
        },
        "MyBehavior.Step.mean": {
            "value": 199968.0,
            "min": 19869.0,
            "max": 199968.0,
            "count": 10
        },
        "MyBehavior.Step.sum": {
            "value": 199968.0,
            "min": 19869.0,
            "max": 199968.0,
            "count": 10
        },
        "MyBehavior.Policy.ExtrinsicValueEstimate.mean": {
            "value": -0.5268993377685547,
            "min": -0.5268993377685547,
            "max": -0.10202597826719284,
            "count": 10
        },
        "MyBehavior.Policy.ExtrinsicValueEstimate.sum": {
            "value": -294.00982666015625,
            "min": -299.81622314453125,
            "max": -58.94765090942383,
            "count": 10
        },
        "MyBehavior.Environment.CumulativeReward.mean": {
            "value": -2.772598440074579,
            "min": -2.8786716026870756,
            "max": -2.5480249527853482,
            "count": 10
        },
        "MyBehavior.Environment.CumulativeReward.sum": {
            "value": -1547.109929561615,
            "min": -1625.6399198770523,
            "max": -1517.0599346160889,
            "count": 10
        },
        "MyBehavior.Policy.ExtrinsicReward.mean": {
            "value": -2.772598440074579,
            "min": -2.8786716026870756,
            "max": -2.5480249527853482,
            "count": 10
        },
        "MyBehavior.Policy.ExtrinsicReward.sum": {
            "value": -1547.109929561615,
            "min": -1625.6399198770523,
            "max": -1517.0599346160889,
            "count": 10
        },
        "MyBehavior.IsTraining.mean": {
            "value": 1.0,
            "min": 1.0,
            "max": 1.0,
            "count": 10
        },
        "MyBehavior.IsTraining.sum": {
            "value": 1.0,
            "min": 1.0,
            "max": 1.0,
            "count": 10
        },
        "MyBehavior.Losses.PolicyLoss.mean": {
            "value": 0.01825003527887424,
            "min": 0.01825003527887424,
            "max": 0.01825003527887424,
            "count": 1
        },
        "MyBehavior.Losses.PolicyLoss.sum": {
            "value": 0.01825003527887424,
            "min": 0.01825003527887424,
            "max": 0.01825003527887424,
            "count": 1
        },
        "MyBehavior.Losses.ValueLoss.mean": {
            "value": 0.020289951107568212,
            "min": 0.020289951107568212,
            "max": 0.020289951107568212,
            "count": 1
        },
        "MyBehavior.Losses.ValueLoss.sum": {
            "value": 0.020289951107568212,
            "min": 0.020289951107568212,
            "max": 0.020289951107568212,
            "count": 1
        },
        "MyBehavior.Policy.LearningRate.mean": {
            "value": 0.0008999980100001999,
            "min": 0.0008999980100001999,
            "max": 0.0008999980100001999,
            "count": 1
        },
        "MyBehavior.Policy.LearningRate.sum": {
            "value": 0.0008999980100001999,
            "min": 0.0008999980100001999,
            "max": 0.0008999980100001999,
            "count": 1
        },
        "MyBehavior.Policy.Epsilon.mean": {
            "value": 0.18999980000000002,
            "min": 0.18999980000000002,
            "max": 0.18999980000000002,
            "count": 1
        },
        "MyBehavior.Policy.Epsilon.sum": {
            "value": 0.18999980000000002,
            "min": 0.18999980000000002,
            "max": 0.18999980000000002,
            "count": 1
        },
        "MyBehavior.Policy.Beta.mean": {
            "value": 0.004500990019999999,
            "min": 0.004500990019999999,
            "max": 0.004500990019999999,
            "count": 1
        },
        "MyBehavior.Policy.Beta.sum": {
            "value": 0.004500990019999999,
            "min": 0.004500990019999999,
            "max": 0.004500990019999999,
            "count": 1
        }
    },
    "metadata": {
        "timer_format_version": "0.1.0",
        "start_time_seconds": "1714557555",
        "python_version": "3.7.16 (default, Jan 17 2023, 16:06:28) [MSC v.1916 64 bit (AMD64)]",
        "command_line_arguments": "D:\\Anaconda\\envs\\unity\\Scripts\\mlagents-learn TreasureSearch.yaml --run-id=Run 37",
        "mlagents_version": "0.28.0",
        "mlagents_envs_version": "0.28.0",
        "communication_protocol_version": "1.5.0",
        "pytorch_version": "1.7.1+cu110",
        "numpy_version": "1.21.6",
        "end_time_seconds": "1714558258"
    },
    "total": 703.1729121000001,
    "count": 1,
    "self": 0.012569200000029923,
    "children": {
        "run_training.setup": {
            "total": 0.24357410000000024,
            "count": 1,
            "self": 0.24357410000000024
        },
        "TrainerController.start_learning": {
            "total": 702.9167688,
            "count": 1,
            "self": 1.117658800004392,
            "children": {
                "TrainerController._reset_env": {
                    "total": 10.996751999999999,
                    "count": 1,
                    "self": 10.996751999999999
                },
                "TrainerController.advance": {
                    "total": 690.6558777999956,
                    "count": 27554,
                    "self": 0.6102398999943262,
                    "children": {
                        "env_step": {
                            "total": 690.0456379000012,
                            "count": 27554,
                            "self": 631.972514899995,
                            "children": {
                                "SubprocessEnvManager._take_step": {
                                    "total": 57.451989100002066,
                                    "count": 27554,
                                    "self": 2.257940600002044,
                                    "children": {
                                        "TorchPolicy.evaluate": {
                                            "total": 55.19404850000002,
                                            "count": 23334,
                                            "self": 7.1096839000063525,
                                            "children": {
                                                "TorchPolicy.sample_actions": {
                                                    "total": 48.08436459999367,
                                                    "count": 23334,
                                                    "self": 48.08436459999367
                                                }
                                            }
                                        }
                                    }
                                },
                                "workers": {
                                    "total": 0.6211339000042138,
                                    "count": 27553,
                                    "self": 0.0,
                                    "children": {
                                        "worker_root": {
                                            "total": 648.3382979999998,
                                            "count": 27553,