{
    "name": "root",
    "gauges": {
        "MyBehavior.Policy.Entropy.mean": {
            "value": 1.515677571296692,
            "min": 1.418938159942627,
            "max": 1.515677571296692,
            "count": 69
        },
        "MyBehavior.Policy.Entropy.sum": {
            "value": 32902.328125,
            "min": 25562.708984375,
            "max": 34023.9921875,
            "count": 69
        },
        "MyBehavior.Environment.EpisodeLength.mean": {
            "value": 441.9148936170213,
            "min": 265.92,
            "max": 575.3548387096774,
            "count": 69
        },
        "MyBehavior.Environment.EpisodeLength.sum": {
            "value": 20770.0,
            "min": 16998.0,
            "max": 24494.0,
            "count": 69
        },
        "MyBehavior.Step.mean": {
            "value": 1379744.0,
            "min": 19286.0,
            "max": 1379744.0,
            "count": 69
        },
        "MyBehavior.Step.sum": {
            "value": 1379744.0,
            "min": 19286.0,
            "max": 1379744.0,
            "count": 69
        },
        "MyBehavior.Policy.ExtrinsicValueEstimate.mean": {
            "value": -0.025936705991625786,
            "min": -0.07453076541423798,
            "max": 0.0770440399646759,
            "count": 69
        },
        "MyBehavior.Policy.ExtrinsicValueEstimate.sum": {
            "value": -1.3227720260620117,
            "min": -5.440745830535889,
            "max": 5.084906578063965,
            "count": 69
        },
        "MyBehavior.Environment.CumulativeReward.mean": {
            "value": -0.7250214498093788,
            "min": -0.9769747278907083,
            "max": -0.4131966538918324,
            "count": 69
        },
        "MyBehavior.Environment.CumulativeReward.sum": {
            "value": -34.0760081410408,
            "min": -69.18828785419464,
            "max": -16.114669501781464,
            "count": 69
        },
        "MyBehavior.Policy.ExtrinsicReward.mean": {
            "value": -0.7250214498093788,
            "min": -0.9769747278907083,
            "max": -0.4131966538918324,
            "count": 69
        },
        "MyBehavior.Policy.ExtrinsicReward.sum": {
            "value": -34.0760081410408,
            "min": -69.18828785419464,
            "max": -16.114669501781464,
            "count": 69
        },
        "MyBehavior.IsTraining.mean": {
            "value": 1.0,
            "min": 1.0,
            "max": 1.0,
            "count": 69
        },
        "MyBehavior.IsTraining.sum": {
            "value": 1.0,
            "min": 1.0,
            "max": 1.0,
            "count": 69
        },
        "MyBehavior.Losses.PolicyLoss.mean": {
            "value": 0.013651055295486002,
            "min": 0.012732285703532398,
            "max": 0.020537169390202812,
            "count": 33
        },
        "MyBehavior.Losses.PolicyLoss.sum": {
            "value": 0.013651055295486002,
            "min": 0.012732285703532398,
            "max": 0.020537169390202812,
            "count": 33
        },
        "MyBehavior.Losses.ValueLoss.mean": {
            "value": 0.003603076798996578,
            "min": 0.002592733061950033,
            "max": 0.01149364928714931,
            "count": 33
        },
        "MyBehavior.Losses.ValueLoss.sum": {
            "value": 0.003603076798996578,
            "min": 0.002592733061950033,
            "max": 0.01149364928714931,
            "count": 33
        },
        "MyBehavior.Policy.LearningRate.mean": {
            "value": 0.00086381261361874,
            "min": 0.00086381261361874,
            "max": 0.0009958485004151498,
            "count": 33
        },
        "MyBehavior.Policy.LearningRate.sum": {
            "value": 0.00086381261361874,
            "min": 0.00086381261361874,
            "max": 0.0009958485004151498,
            "count": 33
        },
        "MyBehavior.Policy.Epsilon.mean": {
            "value": 0.18638126,
            "min": 0.18638126,
            "max": 0.19958485000000004,
            "count": 33
        },
        "MyBehavior.Policy.Epsilon.sum": {
            "value": 0.18638126,
            "min": 0.18638126,
            "max": 0.19958485000000004,
            "count": 33
        },
        "MyBehavior.Policy.Beta.mean": {
            "value": 0.004320424874000001,
            "min": 0.004320424874000001,
            "max": 0.004979284014999999,
            "count": 33
        },
        "MyBehavior.Policy.Beta.sum": {
            "value": 0.004320424874000001,
            "min": 0.004320424874000001,
            "max": 0.004979284014999999,
            "count": 33
        }
    },
    "metadata": {
        "timer_format_version": "0.1.0",
        "start_time_seconds": "1715433574",
        "python_version": "3.7.16 (default, Jan 17 2023, 16:06:28) [MSC v.1916 64 bit (AMD64)]",
        "command_line_arguments": "D:\\Anaconda\\envs\\unity\\Scripts\\mlagents-learn TreasureSearch.yaml --run-id=Run 160",
        "mlagents_version": "0.28.0",
        "mlagents_envs_version": "0.28.0",
        "communication_protocol_version": "1.5.0",
        "pytorch_version": "1.7.1+cu110",
        "numpy_version": "1.21.6",
        "end_time_seconds": "1715435978"
    },
    "total": 2404.4403833,
    "count": 1,
    "self": 0.008207700000184559,
    "children": {
        "run_training.setup": {
            "total": 0.1773728000000001,
            "count": 1,
            "self": 0.1773728000000001
        },
        "TrainerController.start_learning": {
            "total": 2404.2548028,
            "count": 1,
            "self": 4.130678899983195,
            "children": {
                "TrainerController._reset_env": {
                    "total": 14.607045800000002,
                    "count": 1,
                    "self": 14.607045800000002
                },
                "TrainerController.advance": {
                    "total": 2385.4104984000173,
                    "count": 116418,
                    "self": 2.3305987000480854,
                    "children": {
                        "env_step": {
                            "total": 2383.0798996999692,
                            "count": 116418,
                            "self": 1516.9620734998402,
                            "children": {
                                "SubprocessEnvManager._take_step": {
                                    "total": 863.9252644000602,
                                    "count": 116419,
                                    "self": 12.060294400058297,
                                    "children": {
                                        "TorchPolicy.evaluate": {
                                            "total": 851.8649700000019,
                                            "count": 116419,
                                            "self": 262.16136280000103,
                                            "children": {
                                                "TorchPolicy.sample_actions": {
                                                    "total": 589.7036072000009,
                                                    "count": 116419,
                                                    "self": 589.7036072000009
                                                }
                                            }
                                        }
                                    }
                                },
                                "workers": {
                                    "total": 2.1925618000688942,
                                    "count": 116417,
                                    "self": 0.0,
                                    "children": {
                                        "worker_root": {
                                            "total": 2352.9913746999637,
                                            "count": 116417,
                                            "is_parallel": true,