{
    "name": "root",
    "metadata": {
        "timer_format_version": "0.1.0",
        "start_time_seconds": "1714476590",
        "python_version": "3.7.16 (default, Jan 17 2023, 16:06:28) [MSC v.1916 64 bit (AMD64)]",
        "command_line_arguments": "D:\\Anaconda\\envs\\unity\\Scripts\\mlagents-learn TreasureSearch.yaml --run-id=Run 22",
        "mlagents_version": "0.28.0",
        "mlagents_envs_version": "0.28.0",
        "communication_protocol_version": "1.5.0",
        "pytorch_version": "1.7.1+cu110",
        "numpy_version": "1.21.6",
        "end_time_seconds": "1714478085"
    },
    "total": 1494.3305317,
    "count": 1,
    "self": 0.010417799999913768,
    "children": {
        "run_training.setup": {
            "total": 0.12958599999999998,
            "count": 1,
            "self": 0.12958599999999998
        },
        "TrainerController.start_learning": {
            "total": 1494.1905279,
            "count": 1,
            "self": 2.3917630000280496,
            "children": {
                "TrainerController._reset_env": {
                    "total": 10.9247425,
                    "count": 1,
                    "self": 10.9247425
                },
                "TrainerController.advance": {
                    "total": 1480.530549699972,
                    "count": 53514,
                    "self": 1.340103799967892,
                    "children": {
                        "env_step": {
                            "total": 1479.190445900004,
                            "count": 53514,
                            "self": 1278.372320100018,
                            "children": {
                                "SubprocessEnvManager._take_step": {
                                    "total": 199.5197604999652,
                                    "count": 53514,
                                    "self": 5.642390299964148,
                                    "children": {
                                        "TorchPolicy.evaluate": {
                                            "total": 193.87737020000105,
                                            "count": 51004,
                                            "self": 20.41943159999269,
                                            "children": {
                                                "TorchPolicy.sample_actions": {
                                                    "total": 173.45793860000836,
                                                    "count": 51004,
                                                    "self": 173.45793860000836
                                                }
                                            }
                                        }
                                    }
                                },
                                "workers": {
                                    "total": 1.2983653000209099,
                                    "count": 53513,
                                    "self": 0.0,
                                    "children": {
                                        "worker_root": {
                                            "total": 1417.4026247999866,
                                            "count": 53513,
                                            "is_parallel": true,
                                            "self": 344.90070450000553,
                                            "children": {
                                                "steps_from_proto": {
                                                    "total": 0.00150619999999968,
                                                    "count": 1,
                                                    "is_parallel": true,
                                                    "self": 0.00045029999999890435,
                                                    "children": {
                                                        "_process_rank_one_or_two_observation": {
                                                            "total": 0.0010559000000007757,
                                                            "count": 4,
                                                            "is_parallel": true,
                                                            "self": 0.0010559000000007757
                                                        }
                                                    }
                                                },
                                                "UnityEnvironment.step": {
                                                    "total": 1072.500414099981,
                                                    "count": 53513,
                                                    "is_parallel": true,
                                                    "self": 14.39705309999772,
                                                    "children": {
                                                        "UnityEnvironment._generate_step_input": {
                                                            "total": 15.979066199987791,
                                                            "count": 53513,
                                                            "is_parallel": true,
                                                            "self": 15.979066199987791
                                                        },
                                                        "communicator.exchange": {
                                                            "total": 1005.6296300000076,
                                                            "count": 53513,
                                                            "is_parallel": true,
                                                            "self": 1005.6296300000076
                                                        },
                                                        "steps_from_proto": {
                                                            "total": 36.49466479998793,
                                                            "count": 53513,
                                                            "is_parallel": true,
                                                            "self": 12.923194800038832,
                                                            "children": {
                                                                "_process_rank_one_or_two_observation": {
                                                                    "total": 23.571469999949098,
                                                                    "count": 214052,
                                                                    "is_parallel": true,
                                                                    "self": 23.571469999949098
                                                                }
                                                            }
                                                        }
                                                    }
                                                }
                                            }
                                        }
                                    }
                                }
                            }
                        }
                    }
                },
                "TrainerController._save_models": {
                    "total": 0.34347269999989294,
                    "count": 1,
                    "self": 0.03285189999996874,
                    "children": {
                        "RLTrainer._checkpoint": {
                            "total": 0.3106207999999242,
                            "count": 1,
                            "self": 0.3106207999999242
                        }
                    }
                }
            }
        }
    }
}