{
    "name": "root",
    "metadata": {
        "timer_format_version": "0.1.0",
        "start_time_seconds": "1713280505",
        "python_version": "3.7.16 (default, Jan 17 2023, 16:06:28) [MSC v.1916 64 bit (AMD64)]",
        "command_line_arguments": "D:\\Anaconda\\envs\\unity\\Scripts\\mlagents-learn .\\TreasureSearch.yaml --run-id=Run 2",
        "mlagents_version": "0.28.0",
        "mlagents_envs_version": "0.28.0",
        "communication_protocol_version": "1.5.0",
        "pytorch_version": "1.7.1+cu110",
        "numpy_version": "1.21.6",
        "end_time_seconds": "1713280822"
    },
    "total": 317.0486573,
    "count": 1,
    "self": 0.040459400000031565,
    "children": {
        "run_training.setup": {
            "total": 1.0362380999999914,
            "count": 1,
            "self": 1.0362380999999914
        },
        "TrainerController.start_learning": {
            "total": 315.9719598,
            "count": 1,
            "self": 0.5007883999962814,
            "children": {
                "TrainerController._reset_env": {
                    "total": 28.5691817,
                    "count": 1,
                    "self": 28.5691817
                },
                "TrainerController.advance": {
                    "total": 286.31897570000365,
                    "count": 11840,
                    "self": 0.28362490000529306,
                    "children": {
                        "env_step": {
                            "total": 286.03535079999835,
                            "count": 11840,
                            "self": 264.69431749999774,
                            "children": {
                                "SubprocessEnvManager._take_step": {
                                    "total": 21.07220519999518,
                                    "count": 11840,
                                    "self": 1.001251599996607,
                                    "children": {
                                        "TorchPolicy.evaluate": {
                                            "total": 20.070953599998575,
                                            "count": 8854,
                                            "self": 3.031918200001712,
                                            "children": {
                                                "TorchPolicy.sample_actions": {
                                                    "total": 17.039035399996862,
                                                    "count": 8854,
                                                    "self": 17.039035399996862
                                                }
                                            }
                                        }
                                    }
                                },
                                "workers": {
                                    "total": 0.268828100005436,
                                    "count": 11839,
                                    "self": 0.0,
                                    "children": {
                                        "worker_root": {
                                            "total": 224.27492909999899,
                                            "count": 11839,
                                            "is_parallel": true,
                                            "self": 54.762878699998765,
                                            "children": {
                                                "steps_from_proto": {
                                                    "total": 0.0007779000000027736,
                                                    "count": 1,
                                                    "is_parallel": true,
                                                    "self": 0.00019540000000617397,
                                                    "children": {
                                                        "_process_rank_one_or_two_observation": {
                                                            "total": 0.0005824999999965996,
                                                            "count": 2,
                                                            "is_parallel": true,
                                                            "self": 0.0005824999999965996
                                                        }
                                                    }
                                                },
                                                "UnityEnvironment.step": {
                                                    "total": 169.51127250000022,
                                                    "count": 11839,
                                                    "is_parallel": true,
                                                    "self": 2.1479807000023925,
                                                    "children": {
                                                        "UnityEnvironment._generate_step_input": {
                                                            "total": 2.9319890999993987,
                                                            "count": 11839,
                                                            "is_parallel": true,
                                                            "self": 2.9319890999993987
                                                        },
                                                        "communicator.exchange": {
                                                            "total": 159.46200469999974,
                                                            "count": 11839,
                                                            "is_parallel": true,
                                                            "self": 159.46200469999974
                                                        },
                                                        "steps_from_proto": {
                                                            "total": 4.969297999998698,
                                                            "count": 11839,
                                                            "is_parallel": true,
                                                            "self": 2.6150877999977133,
                                                            "children": {
                                                                "_process_rank_one_or_two_observation": {
                                                                    "total": 2.354210200000985,
                                                                    "count": 23678,
                                                                    "is_parallel": true,
                                                                    "self": 2.354210200000985
                                                                }
                                                            }
                                                        }
                                                    }
                                                }
                                            }
                                        }
                                    }
                                }
                            }
                        }
                    }
                },
                "TrainerController._save_models": {
                    "total": 0.5830140000000483,
                    "count": 1,
                    "self": 0.017786900000089645,
                    "children": {
                        "RLTrainer._checkpoint": {
                            "total": 0.5652270999999587,
                            "count": 1,
                            "self": 0.5652270999999587
                        }
                    }
                }
            }
        }
    }
}