{
    "name": "root",
    "gauges": {
        "MyBehavior.Policy.Entropy.mean": {
            "value": 1.4138391017913818,
            "min": 1.4138391017913818,
            "max": 1.4189382791519165,
            "count": 17
        },
        "MyBehavior.Policy.Entropy.sum": {
            "value": 14200.599609375,
            "min": 13998.0986328125,
            "max": 14417.83203125,
            "count": 17
        },
        "MyBehavior.Environment.EpisodeLength.mean": {
            "value": 27.904624277456648,
            "min": 17.04332129963899,
            "max": 31.861842105263158,
            "count": 17
        },
        "MyBehavior.Environment.EpisodeLength.sum": {
            "value": 9655.0,
            "min": 9442.0,
            "max": 9686.0,
            "count": 17
        },
        "MyBehavior.Step.mean": {
            "value": 169969.0,
            "min": 9997.0,
            "max": 169969.0,
            "count": 17
        },
        "MyBehavior.Step.sum": {
            "value": 169969.0,
            "min": 9997.0,
            "max": 169969.0,
            "count": 17
        },
        "MyBehavior.Policy.ExtrinsicValueEstimate.mean": {
            "value": -0.6335726976394653,
            "min": -0.6335726976394653,
            "max": -0.2591146230697632,
            "count": 17
        },
        "MyBehavior.Policy.ExtrinsicValueEstimate.sum": {
            "value": -219.21615600585938,
            "min": -231.2371063232422,
            "max": -114.37924194335938,
            "count": 17
        },
        "MyBehavior.Environment.CumulativeReward.mean": {
            "value": -2.426502694628831,
            "min": -2.619966878702766,
            "max": -1.8812814935880449,
            "count": 17
        },
        "MyBehavior.Environment.CumulativeReward.sum": {
            "value": -839.5699323415756,
            "min": -1042.2299474477768,
            "max": -796.4699311256409,
            "count": 17
        },
        "MyBehavior.Policy.ExtrinsicReward.mean": {
            "value": -2.426502694628831,
            "min": -2.619966878702766,
            "max": -1.8812814935880449,
            "count": 17
        },
        "MyBehavior.Policy.ExtrinsicReward.sum": {
            "value": -839.5699323415756,
            "min": -1042.2299474477768,
            "max": -796.4699311256409,
            "count": 17
        },
        "MyBehavior.IsTraining.mean": {
            "value": 1.0,
            "min": 1.0,
            "max": 1.0,
            "count": 17
        },
        "MyBehavior.IsTraining.sum": {
            "value": 1.0,
            "min": 1.0,
            "max": 1.0,
            "count": 17
        },
        "MyBehavior.Losses.PolicyLoss.mean": {
            "value": 0.016957984746922092,
            "min": 0.016957984746922092,
            "max": 0.01916199963307008,
            "count": 3
        },
        "MyBehavior.Losses.PolicyLoss.sum": {
            "value": 0.016957984746922092,
            "min": 0.016957984746922092,
            "max": 0.01916199963307008,
            "count": 3
        },
        "MyBehavior.Losses.ValueLoss.mean": {
            "value": 0.03503318293951452,
            "min": 0.03503318293951452,
            "max": 0.06931929321338733,
            "count": 3
        },
        "MyBehavior.Losses.ValueLoss.sum": {
            "value": 0.03503318293951452,
            "min": 0.03503318293951452,
            "max": 0.06931929321338733,
            "count": 3
        },
        "MyBehavior.Policy.LearningRate.mean": {
            "value": 8.499621500379999e-05,
            "min": 8.499621500379999e-05,
            "max": 9.49992050008e-05,
            "count": 3
        },
        "MyBehavior.Policy.LearningRate.sum": {
            "value": 8.499621500379999e-05,
            "min": 8.499621500379999e-05,
            "max": 9.49992050008e-05,
            "count": 3
        },
        "MyBehavior.Policy.Epsilon.mean": {
            "value": 0.18499620000000003,
            "min": 0.18499620000000003,
            "max": 0.1949992,
            "count": 3
        },
        "MyBehavior.Policy.Epsilon.sum": {
            "value": 0.18499620000000003,
            "min": 0.18499620000000003,
            "max": 0.1949992,
            "count": 3
        },
        "MyBehavior.Policy.Beta.mean": {
            "value": 0.004251310379999999,
            "min": 0.004251310379999999,
            "max": 0.0047504600799999986,
            "count": 3
        },
        "MyBehavior.Policy.Beta.sum": {
            "value": 0.004251310379999999,
            "min": 0.004251310379999999,
            "max": 0.0047504600799999986,
            "count": 3
        }
    },
    "metadata": {
        "timer_format_version": "0.1.0",
        "start_time_seconds": "1713280894",
        "python_version": "3.7.16 (default, Jan 17 2023, 16:06:28) [MSC v.1916 64 bit (AMD64)]",
        "command_line_arguments": "D:\\Anaconda\\envs\\unity\\Scripts\\mlagents-learn .\\TreasureSearch.yaml --run-id=Run 3",
        "mlagents_version": "0.28.0",
        "mlagents_envs_version": "0.28.0",
        "communication_protocol_version": "1.5.0",
        "pytorch_version": "1.7.1+cu110",
        "numpy_version": "1.21.6",
        "end_time_seconds": "1713281443"
    },
    "total": 548.2229254,
    "count": 1,
    "self": 0.14867770000000746,
    "children": {
        "run_training.setup": {
            "total": 0.12739109999999987,
            "count": 1,
            "self": 0.12739109999999987
        },
        "TrainerController.start_learning": {
            "total": 547.9468566,
            "count": 1,
            "self": 1.1660349999993969,
            "children": {
                "TrainerController._reset_env": {
                    "total": 11.545641199999999,
                    "count": 1,
                    "self": 11.545641199999999
                },
                "TrainerController.advance": {
                    "total": 535.0693227000006,
                    "count": 25046,
                    "self": 0.6213333000030161,
                    "children": {
                        "env_step": {
                            "total": 534.4479893999976,
                            "count": 25046,
                            "self": 484.7398887999967,
                            "children": {
                                "SubprocessEnvManager._take_step": {
                                    "total": 49.064465200000186,
                                    "count": 25046,
                                    "self": 2.157165499996438,
                                    "children": {
                                        "TorchPolicy.evaluate": {
                                            "total": 46.90729970000375,
                                            "count": 19721,
                                            "self": 6.982921400002127,
                                            "children": {
                                                "TorchPolicy.sample_actions": {
                                                    "total": 39.92437830000162,
                                                    "count": 19721,
                                                    "self": 39.92437830000162
                                                }
                                            }
                                        }
                                    }
                                },
                                "workers": {
                                    "total": 0.6436354000007185,
                                    "count": 25045,
                                    "self": 0.0,
                                    "children": {
                                        "worker_root": {
                                            "total": 487.13256679999694,
                                            "count": 25045,
                                            "is_parallel": true,