{
    "name": "root",
    "gauges": {
        "MyBehavior.Policy.Entropy.mean": {
            "value": 1.4016096591949463,
            "min": 1.4016096591949463,
            "max": 1.4189382791519165,
            "count": 29
        },
        "MyBehavior.Policy.Entropy.sum": {
            "value": 27802.328125,
            "min": 27802.328125,
            "max": 28711.826171875,
            "count": 29
        },
        "MyBehavior.Environment.EpisodeLength.mean": {
            "value": 61.230529595015575,
            "min": 35.13718411552347,
            "max": 66.57432432432432,
            "count": 29
        },
        "MyBehavior.Environment.EpisodeLength.sum": {
            "value": 19655.0,
            "min": 19450.0,
            "max": 19732.0,
            "count": 29
        },
        "MyBehavior.Step.mean": {
            "value": 579895.0,
            "min": 19909.0,
            "max": 579895.0,
            "count": 29
        },
        "MyBehavior.Step.sum": {
            "value": 579895.0,
            "min": 19909.0,
            "max": 579895.0,
            "count": 29
        },
        "MyBehavior.Policy.ExtrinsicValueEstimate.mean": {
            "value": -0.5759177803993225,
            "min": -0.5944539308547974,
            "max": 0.06685350090265274,
            "count": 29
        },
        "MyBehavior.Policy.ExtrinsicValueEstimate.sum": {
            "value": -184.86959838867188,
            "min": -296.08966064453125,
            "max": 34.63011169433594,
            "count": 29
        },
        "MyBehavior.Environment.CumulativeReward.mean": {
            "value": -3.9596220028363285,
            "min": -4.198503014606398,
            "max": -2.6733850272926123,
            "count": 29
        },
        "MyBehavior.Environment.CumulativeReward.sum": {
            "value": -1271.0386629104614,
            "min": -1483.7286901474,
            "max": -1242.756892323494,
            "count": 29
        },
        "MyBehavior.Policy.ExtrinsicReward.mean": {
            "value": -3.9596220028363285,
            "min": -4.198503014606398,
            "max": -2.6733850272926123,
            "count": 29
        },
        "MyBehavior.Policy.ExtrinsicReward.sum": {
            "value": -1271.0386629104614,
            "min": -1483.7286901474,
            "max": -1242.756892323494,
            "count": 29
        },
        "MyBehavior.IsTraining.mean": {
            "value": 1.0,
            "min": 1.0,
            "max": 1.0,
            "count": 29
        },
        "MyBehavior.IsTraining.sum": {
            "value": 1.0,
            "min": 1.0,
            "max": 1.0,
            "count": 29
        },
        "MyBehavior.Losses.PolicyLoss.mean": {
            "value": 0.010792336720266592,
            "min": 0.01023123367651766,
            "max": 0.011298982085958286,
            "count": 5
        },
        "MyBehavior.Losses.PolicyLoss.sum": {
            "value": 0.010792336720266592,
            "min": 0.01023123367651766,
            "max": 0.011298982085958286,
            "count": 5
        },
        "MyBehavior.Losses.ValueLoss.mean": {
            "value": 0.006003657976786296,
            "min": 0.006003657976786296,
            "max": 0.06764356241349065,
            "count": 5
        },
        "MyBehavior.Losses.ValueLoss.sum": {
            "value": 0.006003657976786296,
            "min": 0.006003657976786296,
            "max": 0.06764356241349065,
            "count": 5
        },
        "MyBehavior.Policy.LearningRate.mean": {
            "value": 0.0004998280500171999,
            "min": 0.0004998280500171999,
            "max": 0.0008999910100009001,
            "count": 5
        },
        "MyBehavior.Policy.LearningRate.sum": {
            "value": 0.0004998280500171999,
            "min": 0.0004998280500171999,
            "max": 0.0008999910100009001,
            "count": 5
        },
        "MyBehavior.Policy.Epsilon.mean": {
            "value": 0.14998280000000005,
            "min": 0.14998280000000005,
            "max": 0.1899991,
            "count": 5
        },
        "MyBehavior.Policy.Epsilon.sum": {
            "value": 0.14998280000000005,
            "min": 0.14998280000000005,
            "max": 0.1899991,
            "count": 5
        },
        "MyBehavior.Policy.Beta.mean": {
            "value": 0.0025041417200000003,
            "min": 0.0025041417200000003,
            "max": 0.00450095509,
            "count": 5
        },
        "MyBehavior.Policy.Beta.sum": {
            "value": 0.0025041417200000003,
            "min": 0.0025041417200000003,
            "max": 0.00450095509,
            "count": 5
        }
    },
    "metadata": {
        "timer_format_version": "0.1.0",
        "start_time_seconds": "1714570362",
        "python_version": "3.7.16 (default, Jan 17 2023, 16:06:28) [MSC v.1916 64 bit (AMD64)]",
        "command_line_arguments": "D:\\Anaconda\\envs\\unity\\Scripts\\mlagents-learn TreasureSearch.yaml --run-id=Run 45",
        "mlagents_version": "0.28.0",
        "mlagents_envs_version": "0.28.0",
        "communication_protocol_version": "1.5.0",
        "pytorch_version": "1.7.1+cu110",
        "numpy_version": "1.21.6",
        "end_time_seconds": "1714572449"
    },
    "total": 2086.7266191999997,
    "count": 1,
    "self": 0.014989299999797367,
    "children": {
        "run_training.setup": {
            "total": 0.13343380000000016,
            "count": 1,
            "self": 0.13343380000000016
        },
        "TrainerController.start_learning": {
            "total": 2086.5781961,
            "count": 1,
            "self": 3.132096799996816,
            "children": {
                "TrainerController._reset_env": {
                    "total": 15.726835699999999,
                    "count": 1,
                    "self": 15.726835699999999
                },
                "TrainerController.advance": {
                    "total": 2067.474598500003,
                    "count": 74237,
                    "self": 1.7070888000021114,
                    "children": {
                        "env_step": {
                            "total": 2065.767509700001,
                            "count": 74237,
                            "self": 1888.747895700038,
                            "children": {
                                "SubprocessEnvManager._take_step": {
                                    "total": 175.24557949996313,
                                    "count": 74237,
                                    "self": 6.685171899945772,
                                    "children": {
                                        "TorchPolicy.evaluate": {
                                            "total": 168.56040760001736,
                                            "count": 65271,
                                            "self": 20.012658700001907,
                                            "children": {
                                                "TorchPolicy.sample_actions": {
                                                    "total": 148.54774890001545,
                                                    "count": 65271,
                                                    "self": 148.54774890001545
                                                }
                                            }
                                        }
                                    }
                                },
                                "workers": {
                                    "total": 1.7740344999999316,
                                    "count": 74236,
                                    "self": 0.0,
                                    "children": {
                                        "worker_root": {
                                            "total": 2007.8138241999723,
                                            "count": 74236,
                                            "is_parallel": true,