{
    "name": "root",
    "gauges": {
        "MyBehavior.Policy.Entropy.mean": {
            "value": 1.4006268978118896,
            "min": 1.4006268978118896,
            "max": 1.4155312776565552,
            "count": 36
        },
        "MyBehavior.Policy.Entropy.sum": {
            "value": 27820.65234375,
            "min": 23059.00390625,
            "max": 28944.29296875,
            "count": 36
        },
        "MyBehavior.Environment.EpisodeLength.mean": {
            "value": 91.99074074074075,
            "min": 46.76133651551313,
            "max": 98.765,
            "count": 36
        },
        "MyBehavior.Environment.EpisodeLength.sum": {
            "value": 19870.0,
            "min": 15391.0,
            "max": 20090.0,
            "count": 36
        },
        "MyBehavior.Step.mean": {
            "value": 999929.0,
            "min": 299963.0,
            "max": 999929.0,
            "count": 36
        },
        "MyBehavior.Step.sum": {
            "value": 999929.0,
            "min": 299963.0,
            "max": 999929.0,
            "count": 36
        },
        "MyBehavior.Policy.ExtrinsicValueEstimate.mean": {
            "value": -0.553695023059845,
            "min": -0.5928395390510559,
            "max": -0.5534629225730896,
            "count": 36
        },
        "MyBehavior.Policy.ExtrinsicValueEstimate.sum": {
            "value": -126.24246215820312,
            "min": -243.65672302246094,
            "max": -116.22721862792969,
            "count": 36
        },
        "MyBehavior.Environment.CumulativeReward.mean": {
            "value": -5.433360377162002,
            "min": -5.793675976991653,
            "max": -3.266533651898186,
            "count": 36
        },
        "MyBehavior.Environment.CumulativeReward.sum": {
            "value": -1168.1724810898304,
            "min": -1368.67760014534,
            "max": -1050.4425050020218,
            "count": 36
        },
        "MyBehavior.Policy.ExtrinsicReward.mean": {
            "value": -5.433360377162002,
            "min": -5.793675976991653,
            "max": -3.266533651898186,
            "count": 36
        },
        "MyBehavior.Policy.ExtrinsicReward.sum": {
            "value": -1168.1724810898304,
            "min": -1368.67760014534,
            "max": -1050.4425050020218,
            "count": 36
        },
        "MyBehavior.IsTraining.mean": {
            "value": 1.0,
            "min": 1.0,
            "max": 1.0,
            "count": 36
        },
        "MyBehavior.IsTraining.sum": {
            "value": 1.0,
            "min": 1.0,
            "max": 1.0,
            "count": 36
        },
        "MyBehavior.Losses.PolicyLoss.mean": {
            "value": 0.009663650721082823,
            "min": 0.009663650721082823,
            "max": 0.011981586476363111,
            "count": 7
        },
        "MyBehavior.Losses.PolicyLoss.sum": {
            "value": 0.009663650721082823,
            "min": 0.009663650721082823,
            "max": 0.011981586476363111,
            "count": 7
        },
        "MyBehavior.Losses.ValueLoss.mean": {
            "value": 0.004192912853077838,
            "min": 0.004192912853077838,
            "max": 0.013749121770001295,
            "count": 7
        },
        "MyBehavior.Losses.ValueLoss.sum": {
            "value": 0.004192912853077838,
            "min": 0.004192912853077838,
            "max": 0.013749121770001295,
            "count": 7
        },
        "MyBehavior.Policy.LearningRate.mean": {
            "value": 1.5183098481699944e-05,
            "min": 1.5183098481699944e-05,
            "max": 0.0006156610384339,
            "count": 7
        },
        "MyBehavior.Policy.LearningRate.sum": {
            "value": 1.5183098481699944e-05,
            "min": 1.5183098481699944e-05,
            "max": 0.0006156610384339,
            "count": 7
        },
        "MyBehavior.Policy.Epsilon.mean": {
            "value": 0.10151829999999999,
            "min": 0.10151829999999999,
            "max": 0.16156610000000002,
            "count": 7
        },
        "MyBehavior.Policy.Epsilon.sum": {
            "value": 0.10151829999999999,
            "min": 0.10151829999999999,
            "max": 0.16156610000000002,
            "count": 7
        },
        "MyBehavior.Policy.Beta.mean": {
            "value": 8.576316999999973e-05,
            "min": 8.576316999999973e-05,
            "max": 0.0030821483900000004,
            "count": 7
        },
        "MyBehavior.Policy.Beta.sum": {
            "value": 8.576316999999973e-05,
            "min": 8.576316999999973e-05,
            "max": 0.0030821483900000004,
            "count": 7
        }
    },
    "metadata": {
        "timer_format_version": "0.1.0",
        "start_time_seconds": "1714567683",
        "python_version": "3.7.16 (default, Jan 17 2023, 16:06:28) [MSC v.1916 64 bit (AMD64)]",
        "command_line_arguments": "D:\\Anaconda\\envs\\unity\\Scripts\\mlagents-learn TreasureSearch.yaml --run-id=Run 44 --resume",
        "mlagents_version": "0.28.0",
        "mlagents_envs_version": "0.28.0",
        "communication_protocol_version": "1.5.0",
        "pytorch_version": "1.7.1+cu110",
        "numpy_version": "1.21.6",
        "end_time_seconds": "1714570046"
    },
    "total": 2362.4000653000003,
    "count": 1,
    "self": 0.026150200000301993,
    "children": {
        "run_training.setup": {
            "total": 0.1286579000000001,
            "count": 1,
            "self": 0.1286579000000001
        },
        "TrainerController.start_learning": {
            "total": 2362.2452572,
            "count": 1,
            "self": 3.7441393000335665,
            "children": {
                "TrainerController._reset_env": {
                    "total": 8.9888717,
                    "count": 1,
                    "self": 8.9888717
                },
                "TrainerController.advance": {
                    "total": 2349.3828229999663,
                    "count": 87357,
                    "self": 2.0282880999966437,
                    "children": {
                        "env_step": {
                            "total": 2347.3545348999696,
                            "count": 87357,
                            "self": 2145.513103199947,
                            "children": {
                                "SubprocessEnvManager._take_step": {
                                    "total": 199.76692130004983,
                                    "count": 87358,
                                    "self": 8.169974000010825,
                                    "children": {
                                        "TorchPolicy.evaluate": {
                                            "total": 191.596947300039,
                                            "count": 79630,
                                            "self": 24.97674600005155,
                                            "children": {
                                                "TorchPolicy.sample_actions": {
                                                    "total": 166.62020129998746,
                                                    "count": 79630,
                                                    "self": 166.62020129998746
                                                }
                                            }
                                        }
                                    }
                                },
                                "workers": {
                                    "total": 2.074510399972521,
                                    "count": 87357,
                                    "self": 0.0,
                                    "children": {
                                        "worker_root": {
                                            "total": 2333.3753024000475,
                                            "count": 87357,