{
    "name": "root",
    "gauges": {
        "MyBehavior.Policy.Entropy.mean": {
            "value": 1.4209016561508179,
            "min": 1.4189382791519165,
            "max": 1.42093825340271,
            "count": 44
        },
        "MyBehavior.Policy.Entropy.sum": {
            "value": 28611.275390625,
            "min": 25372.2734375,
            "max": 31534.486328125,
            "count": 44
        },
        "MyBehavior.Environment.EpisodeLength.mean": {
            "value": 142.568345323741,
            "min": 138.53103448275863,
            "max": 301.5223880597015,
            "count": 44
        },
        "MyBehavior.Environment.EpisodeLength.sum": {
            "value": 19817.0,
            "min": 17653.0,
            "max": 22157.0,
            "count": 44
        },
        "MyBehavior.Step.mean": {
            "value": 879915.0,
            "min": 19950.0,
            "max": 879915.0,
            "count": 44
        },
        "MyBehavior.Step.sum": {
            "value": 879915.0,
            "min": 19950.0,
            "max": 879915.0,
            "count": 44
        },
        "MyBehavior.Policy.ExtrinsicValueEstimate.mean": {
            "value": -0.08852673321962357,
            "min": -0.11374571919441223,
            "max": 0.03446178138256073,
            "count": 44
        },
        "MyBehavior.Policy.ExtrinsicValueEstimate.sum": {
            "value": -12.305215835571289,
            "min": -16.49312973022461,
            "max": 2.825866222381592,
            "count": 44
        },
        "MyBehavior.Policy.CuriosityValueEstimate.mean": {
            "value": 1.175750494003296,
            "min": 0.029485149309039116,
            "max": 1.2087624073028564,
            "count": 44
        },
        "MyBehavior.Policy.CuriosityValueEstimate.sum": {
            "value": 163.4293212890625,
            "min": 2.0934455394744873,
            "max": 175.2705535888672,
            "count": 44
        },
        "MyBehavior.Environment.CumulativeReward.mean": {
            "value": -0.9880442529273548,
            "min": -0.9880442529273548,
            "max": -0.8849797195463038,
            "count": 44
        },
        "MyBehavior.Environment.CumulativeReward.sum": {
            "value": -137.3381511569023,
            "min": -143.24635004997253,
            "max": -59.293641209602356,
            "count": 44
        },
        "MyBehavior.Policy.ExtrinsicReward.mean": {
            "value": -0.9880442529273548,
            "min": -0.9880442529273548,
            "max": -0.8849797195463038,
            "count": 44
        },
        "MyBehavior.Policy.ExtrinsicReward.sum": {
            "value": -137.3381511569023,
            "min": -143.24635004997253,
            "max": -59.293641209602356,
            "count": 44
        },
        "MyBehavior.Policy.CuriosityReward.mean": {
            "value": 0.6859439235555825,
            "min": 0.0,
            "max": 14.757920047023186,
            "count": 44
        },
        "MyBehavior.Policy.CuriosityReward.sum": {
            "value": 95.34620537422597,
            "min": 0.0,
            "max": 1121.6019235737622,
            "count": 44
        },
        "MyBehavior.IsTraining.mean": {
            "value": 1.0,
            "min": 1.0,
            "max": 1.0,
            "count": 44
        },
        "MyBehavior.IsTraining.sum": {
            "value": 1.0,
            "min": 1.0,
            "max": 1.0,
            "count": 44
        },
        "MyBehavior.Losses.PolicyLoss.mean": {
            "value": 0.013760265346657736,
            "min": 0.013320177347729138,
            "max": 0.015256448220346405,
            "count": 9
        },
        "MyBehavior.Losses.PolicyLoss.sum": {
            "value": 0.013760265346657736,
            "min": 0.013320177347729138,
            "max": 0.015256448220346405,
            "count": 9
        },
        "MyBehavior.Losses.ValueLoss.mean": {
            "value": 0.0123999118572101,
            "min": 0.010514679186356565,
            "max": 0.33168906227995953,
            "count": 9
        },
        "MyBehavior.Losses.ValueLoss.sum": {
            "value": 0.0123999118572101,
            "min": 0.010514679186356565,
            "max": 0.33168906227995953,
            "count": 9
        },
        "MyBehavior.Policy.LearningRate.mean": {
            "value": 9.169350306580001e-06,
            "min": 9.169350306580001e-06,
            "max": 9.907561924390001e-06,
            "count": 9
        },
        "MyBehavior.Policy.LearningRate.sum": {
            "value": 9.169350306580001e-06,
            "min": 9.169350306580001e-06,
            "max": 9.907561924390001e-06,
            "count": 9
        },
        "MyBehavior.Policy.Epsilon.mean": {
            "value": 0.19169342,
            "min": 0.19169342,
            "max": 0.19907561,
            "count": 9
        },
        "MyBehavior.Policy.Epsilon.sum": {
            "value": 0.19169342,
            "min": 0.19169342,
            "max": 0.19907561,
            "count": 9
        },
        "MyBehavior.Policy.Beta.mean": {
            "value": 0.004585501658,
            "min": 0.004585501658,
            "max": 0.004953872939,
            "count": 9
        },
        "MyBehavior.Policy.Beta.sum": {
            "value": 0.004585501658,
            "min": 0.004585501658,
            "max": 0.004953872939,
            "count": 9
        },
        "MyBehavior.Losses.CuriosityForwardLoss.mean": {
            "value": 0.12065810021013021,
            "min": 0.12065810021013021,
            "max": 21.892960550387702,
            "count": 9
        },
        "MyBehavior.Losses.CuriosityForwardLoss.sum": {
            "value": 0.12065810021013021,
            "min": 0.12065810021013021,
            "max": 21.892960550387702,
            "count": 9
        },
        "MyBehavior.Losses.CuriosityInverseLoss.mean": {
            "value": 1.9936677873134614,
            "min": 1.9936677873134614,
            "max": 2.3389627933502197,
            "count": 9
        },
        "MyBehavior.Losses.CuriosityInverseLoss.sum": {
            "value": 1.9936677873134614,
            "min": 1.9936677873134614,
            "max": 2.3389627933502197,
            "count": 9
        }
    },
    "metadata": {
        "timer_format_version": "0.1.0",
        "start_time_seconds": "1715579300",
        "python_version": "3.7.16 (default, Jan 17 2023, 16:06:28) [MSC v.1916 64 bit (AMD64)]",
        "command_line_arguments": "D:\\Anaconda\\envs\\unity\\Scripts\\mlagents-learn TreasureSearch.yaml --run-id=Run 170",
        "mlagents_version": "0.28.0",
        "mlagents_envs_version": "0.28.0",
        "communication_protocol_version": "1.5.0",
        "pytorch_version": "1.7.1+cu110",
        "numpy_version": "1.21.6",
        "end_time_seconds": "1715580594"
    },
    "total": 1293.856998,
    "count": 1,
    "self": 0.008031199999777527,
    "children": {
        "run_training.setup": {
            "total": 0.12891160000000013,
            "count": 1,
            "self": 0.12891160000000013
        },
        "TrainerController.start_learning": {
            "total": 1293.7200552000002,
            "count": 1,
            "self": 1.9844617999810907,
            "children": {
                "TrainerController._reset_env": {
                    "total": 10.8948472,
                    "count": 1,
                    "self": 10.8948472
                },
                "TrainerController.advance": {
                    "total": 1280.7269583000189,
                    "count": 74882,
                    "self": 1.104679800013173,
                    "children": {
                        "env_step": {
                            "total": 1279.6222785000057,
                            "count": 74882,
                            "self": 893.1681235999997,